-- MySQL dump 10.13  Distrib 5.7.27, for Linux (x86_64)
--
-- Host: localhost    Database: rankleague
-- ------------------------------------------------------
-- Server version	5.7.27-0ubuntu0.16.04.1

/*!40101 SET @OLD_CHARACTER_SET_CLIENT=@@CHARACTER_SET_CLIENT */;
/*!40101 SET @OLD_CHARACTER_SET_RESULTS=@@CHARACTER_SET_RESULTS */;
/*!40101 SET @OLD_COLLATION_CONNECTION=@@COLLATION_CONNECTION */;
/*!40101 SET NAMES utf8 */;
/*!40103 SET @OLD_TIME_ZONE=@@TIME_ZONE */;
/*!40103 SET TIME_ZONE='+00:00' */;
/*!40014 SET @OLD_UNIQUE_CHECKS=@@UNIQUE_CHECKS, UNIQUE_CHECKS=0 */;
/*!40014 SET @OLD_FOREIGN_KEY_CHECKS=@@FOREIGN_KEY_CHECKS, FOREIGN_KEY_CHECKS=0 */;
/*!40101 SET @OLD_SQL_MODE=@@SQL_MODE, SQL_MODE='NO_AUTO_VALUE_ON_ZERO' */;
/*!40111 SET @OLD_SQL_NOTES=@@SQL_NOTES, SQL_NOTES=0 */;

--
-- Table structure for table `app_char`
--

DROP TABLE IF EXISTS `app_char`;
/*!40101 SET @saved_cs_client     = @@character_set_client */;
/*!40101 SET character_set_client = utf8 */;
CREATE TABLE `app_char` (
  `id` int(11) NOT NULL AUTO_INCREMENT,
  `name` varchar(255) NOT NULL,
  `url_image` varchar(255) DEFAULT NULL,
  `game_id` int(11) NOT NULL,
  PRIMARY KEY (`id`),
  KEY `app_char_game_id_4c6c7f62` (`game_id`),
  CONSTRAINT `app_char_game_id_4c6c7f62_fk_app_game_id` FOREIGN KEY (`game_id`) REFERENCES `app_game` (`id`)
) ENGINE=InnoDB AUTO_INCREMENT=59 DEFAULT CHARSET=latin1;
/*!40101 SET character_set_client = @saved_cs_client */;

--
-- Dumping data for table `app_char`
--

LOCK TABLES `app_char` WRITE;
/*!40000 ALTER TABLE `app_char` DISABLE KEYS */;
INSERT INTO `app_char` VALUES (1,'Ken','ken.png',1),(2,'Makoto','makoto.png',1),(3,'Oro','oro.png',1),(4,'Yun','yun.png',1),(5,'Dudley','dudley.png',1),(6,'Gouki','gouki.png',1),(7,'Chun-li','chunly.png',1),(8,'Urien','urien.png',1),(9,'Alex','alex.png',1),(10,'Elena','elena.png',1),(11,'Gill','gill.png',1),(12,'Hugo','hugo.png',1),(13,'Ibuki','ibuki.png',1),(14,'Necro','nekro.png',1),(15,'Q','q.png',1),(16,'Remy','remy.png',1),(17,'Ryu','ryu.png',1),(18,'Sean','sean.png',1),(19,'Twelve','twelve.png',1),(20,'Yang','yang.png',1),(21,'Ryu','ryu.gif',2),(22,'Ken','ken.gif',2),(23,'Balrog','balrog.gif',2),(24,'Bison','bison.gif',2),(25,'Blanka','blanka.gif',2),(26,'Chunly','chunly.gif',2),(27,'Dhalsim','dhalsim.gif',2),(28,'Guille','guille.gif',2),(29,'Honda','honda.gif',2),(30,'Ryu','ryu.png',3),(31,'Ken','ken.png',3),(32,'Adon','adon.png',3),(33,'Akuma','akuma.png',3),(34,'Balrog','balrog.png',3),(35,'Birdie','birdie.png',3),(36,'Bison','bison.png',3),(37,'Blanka','blanka.png',3),(38,'Cammy','cammy.png',3),(39,'Chunly','chunly.png',3),(40,'Cody','cody.png',3),(41,'Dalshim','dalshim.png',3),(42,'Dan','dan.png',3),(43,'Gen','gen.png',3),(44,'Guy','guy.png',3),(45,'Honda','honda.png',3),(46,'Juli','juli.png',1),(47,'Juni','juni.png',3),(48,'Karin','karin.png',3),(49,'Ken','ken.png',3),(50,'Nash','nash.png',3),(51,'R.Mika','rmika.png',3),(52,'Rolento','rolento.png',3),(53,'Rose','rose.png',3),(54,'Sagat','sagat.png',3),(55,'Sakura','sakura.png',3),(56,'Sodom','sodom.png',3),(57,'Vega','vega.png',1),(58,'Zangief','zanfieg.png',3);
/*!40000 ALTER TABLE `app_char` ENABLE KEYS */;
UNLOCK TABLES;

--
-- Table structure for table `app_country`
--

DROP TABLE IF EXISTS `app_country`;
/*!40101 SET @saved_cs_client     = @@character_set_client */;
/*!40101 SET character_set_client = utf8 */;
CREATE TABLE `app_country` (
  `id` int(11) NOT NULL AUTO_INCREMENT,
  `name` varchar(255) NOT NULL,
  `url_image` varchar(255) NOT NULL,
  PRIMARY KEY (`id`)
) ENGINE=InnoDB AUTO_INCREMENT=4 DEFAULT CHARSET=latin1;
/*!40101 SET character_set_client = @saved_cs_client */;

--
-- Dumping data for table `app_country`
--

LOCK TABLES `app_country` WRITE;
/*!40000 ALTER TABLE `app_country` DISABLE KEYS */;
INSERT INTO `app_country` VALUES (1,'Chile','131-chile.png'),(2,'Argentina','198-argentina.png'),(3,'Uruguay','088-uruguay.png');
/*!40000 ALTER TABLE `app_country` ENABLE KEYS */;
UNLOCK TABLES;

--
-- Table structure for table `app_game`
--

DROP TABLE IF EXISTS `app_game`;
/*!40101 SET @saved_cs_client     = @@character_set_client */;
/*!40101 SET character_set_client = utf8 */;
CREATE TABLE `app_game` (
  `id` int(11) NOT NULL AUTO_INCREMENT,
  `title` varchar(255) NOT NULL,
  `url_image` varchar(255) NOT NULL,
  PRIMARY KEY (`id`),
  UNIQUE KEY `title` (`title`)
) ENGINE=InnoDB AUTO_INCREMENT=4 DEFAULT CHARSET=latin1;
/*!40101 SET character_set_client = @saved_cs_client */;

--
-- Dumping data for table `app_game`
--

LOCK TABLES `app_game` WRITE;
/*!40000 ALTER TABLE `app_game` DISABLE KEYS */;
INSERT INTO `app_game` VALUES (1,'SF3 Third Strike','sf3'),(2,'SF2 Champion Edition','sf2ce'),(3,'Street Fighter Alpha 3','sfa3');
/*!40000 ALTER TABLE `app_game` ENABLE KEYS */;
UNLOCK TABLES;

--
-- Table structure for table `app_league`
--

DROP TABLE IF EXISTS `app_league`;
/*!40101 SET @saved_cs_client     = @@character_set_client */;
/*!40101 SET character_set_client = utf8 */;
CREATE TABLE `app_league` (
  `id` int(11) NOT NULL AUTO_INCREMENT,
  `title` varchar(255) NOT NULL,
  `game_id` int(11) NOT NULL,
  `slug` varchar(50) NOT NULL,
  `user_id` int(11) NOT NULL,
  PRIMARY KEY (`id`),
  UNIQUE KEY `title` (`title`),
  UNIQUE KEY `slug` (`slug`),
  KEY `app_league_game_id_0ef939f1_fk_app_game_id` (`game_id`),
  KEY `app_league_user_id_360c2c5c` (`user_id`),
  CONSTRAINT `app_league_game_id_0ef939f1_fk_app_game_id` FOREIGN KEY (`game_id`) REFERENCES `app_game` (`id`),
  CONSTRAINT `app_league_user_id_360c2c5c_fk_auth_user_id` FOREIGN KEY (`user_id`) REFERENCES `auth_user` (`id`)
) ENGINE=InnoDB AUTO_INCREMENT=9 DEFAULT CHARSET=latin1;
/*!40101 SET character_set_client = @saved_cs_client */;

--
-- Dumping data for table `app_league`
--

LOCK TABLES `app_league` WRITE;
/*!40000 ALTER TABLE `app_league` DISABLE KEYS */;
INSERT INTO `app_league` VALUES (3,'Liga Chilena SF3 Third Strike',1,'liga-chilena-sf3-third-strike',1),(5,'Liga Argentina SF3 Third Strike',1,'liga-argentina-sf3-third-strike',4),(8,'Liga Chilena SFA3',3,'liga-chilena-sfa3',11);
/*!40000 ALTER TABLE `app_league` ENABLE KEYS */;
UNLOCK TABLES;

--
-- Table structure for table `app_matchtype`
--

DROP TABLE IF EXISTS `app_matchtype`;
/*!40101 SET @saved_cs_client     = @@character_set_client */;
/*!40101 SET character_set_client = utf8 */;
CREATE TABLE `app_matchtype` (
  `id` int(11) NOT NULL AUTO_INCREMENT,
  `name` varchar(255) NOT NULL,
  PRIMARY KEY (`id`),
  UNIQUE KEY `name` (`name`)
) ENGINE=InnoDB AUTO_INCREMENT=3 DEFAULT CHARSET=latin1;
/*!40101 SET character_set_client = @saved_cs_client */;

--
-- Dumping data for table `app_matchtype`
--

LOCK TABLES `app_matchtype` WRITE;
/*!40000 ALTER TABLE `app_matchtype` DISABLE KEYS */;
INSERT INTO `app_matchtype` VALUES (1,'First to win'),(2,'Torneo');
/*!40000 ALTER TABLE `app_matchtype` ENABLE KEYS */;
UNLOCK TABLES;

--
-- Table structure for table `app_medal`
--

DROP TABLE IF EXISTS `app_medal`;
/*!40101 SET @saved_cs_client     = @@character_set_client */;
/*!40101 SET character_set_client = utf8 */;
CREATE TABLE `app_medal` (
  `id` int(11) NOT NULL AUTO_INCREMENT,
  `mtype_id` int(11) NOT NULL,
  `player_id` int(11) NOT NULL,
  `tournament_id` int(11) NOT NULL,
  PRIMARY KEY (`id`),
  UNIQUE KEY `app_medal_tournament_id_player_id_mtype_id_e008e17b_uniq` (`tournament_id`,`player_id`,`mtype_id`),
  KEY `app_medal_mtype_id_411c97c5_fk_app_medaltype_id` (`mtype_id`),
  KEY `app_medal_player_id_c0ee20b2_fk_app_player_id` (`player_id`),
  CONSTRAINT `app_medal_mtype_id_411c97c5_fk_app_medaltype_id` FOREIGN KEY (`mtype_id`) REFERENCES `app_medaltype` (`id`),
  CONSTRAINT `app_medal_player_id_c0ee20b2_fk_app_player_id` FOREIGN KEY (`player_id`) REFERENCES `app_player` (`id`),
  CONSTRAINT `app_medal_tournament_id_085f743b_fk_app_tournament_id` FOREIGN KEY (`tournament_id`) REFERENCES `app_tournament` (`id`)
) ENGINE=InnoDB DEFAULT CHARSET=latin1;
/*!40101 SET character_set_client = @saved_cs_client */;

--
-- Dumping data for table `app_medal`
--

LOCK TABLES `app_medal` WRITE;
/*!40000 ALTER TABLE `app_medal` DISABLE KEYS */;
/*!40000 ALTER TABLE `app_medal` ENABLE KEYS */;
UNLOCK TABLES;

--
-- Table structure for table `app_medaltype`
--

DROP TABLE IF EXISTS `app_medaltype`;
/*!40101 SET @saved_cs_client     = @@character_set_client */;
/*!40101 SET character_set_client = utf8 */;
CREATE TABLE `app_medaltype` (
  `id` int(11) NOT NULL AUTO_INCREMENT,
  `name` varchar(255) NOT NULL,
  PRIMARY KEY (`id`),
  UNIQUE KEY `name` (`name`)
) ENGINE=InnoDB DEFAULT CHARSET=latin1;
/*!40101 SET character_set_client = @saved_cs_client */;

--
-- Dumping data for table `app_medaltype`
--

LOCK TABLES `app_medaltype` WRITE;
/*!40000 ALTER TABLE `app_medaltype` DISABLE KEYS */;
/*!40000 ALTER TABLE `app_medaltype` ENABLE KEYS */;
UNLOCK TABLES;

--
-- Table structure for table `app_player`
--

DROP TABLE IF EXISTS `app_player`;
/*!40101 SET @saved_cs_client     = @@character_set_client */;
/*!40101 SET character_set_client = utf8 */;
CREATE TABLE `app_player` (
  `id` int(11) NOT NULL AUTO_INCREMENT,
  `nickname` varchar(255) NOT NULL,
  `ranking` double NOT NULL,
  `main_id` int(11) DEFAULT NULL,
  `league_id` int(11) NOT NULL,
  `country_id` int(11) NOT NULL,
  `disabled` tinyint(1) NOT NULL,
  PRIMARY KEY (`id`),
  UNIQUE KEY `app_player_nickname_league_id_2b3193d5_uniq` (`nickname`,`league_id`),
  KEY `app_player_main_id_6b380302_fk_app_char_id` (`main_id`),
  KEY `app_player_league_id_a2c95fd7` (`league_id`),
  KEY `app_player_country_id_77d986cb` (`country_id`),
  CONSTRAINT `app_player_league_id_a2c95fd7_fk_app_league_id` FOREIGN KEY (`league_id`) REFERENCES `app_league` (`id`),
  CONSTRAINT `app_player_main_id_6b380302_fk_app_char_id` FOREIGN KEY (`main_id`) REFERENCES `app_char` (`id`)
) ENGINE=InnoDB AUTO_INCREMENT=140 DEFAULT CHARSET=latin1;
/*!40101 SET character_set_client = @saved_cs_client */;

--
-- Dumping data for table `app_player`
--

LOCK TABLES `app_player` WRITE;
/*!40000 ALTER TABLE `app_player` DISABLE KEYS */;
INSERT INTO `app_player` VALUES (1,'Atma_',1437.1604320044273,1,3,1,0),(2,'Wirox',1061.0079816223033,2,3,1,0),(3,'EDuranRyu',1263.7913835650672,11,3,1,0),(5,'Kmion33',1455.4718745792643,5,3,1,0),(7,'daewoo',1257.491663896892,6,3,1,0),(8,'Metalero',1166.8996284251734,7,3,1,0),(9,'[SEBA]',1528.8693619358721,1,3,1,0),(10,'ppx_iqq',1193.8420502166382,7,3,1,0),(11,'Blackbas',1059.254401616562,2,3,1,1),(13,'r0nsv41n',960.4958308635859,3,3,1,0),(14,'Echalemasbebida',1075.1764285876282,13,3,1,0),(15,'Sakurada',1021.1246207182672,13,3,1,0),(16,'Dejotadiez',1201.971945135754,1,3,1,1),(17,'mrfuckyea',966.9218062555491,3,3,1,1),(18,'Rzpmkkteam',978.8001697757667,11,3,1,1),(19,'Rompehuesos',1154.1795420887227,2,3,1,0),(20,'Nicolink',955.5304500674226,11,3,1,1),(21,'knfe',835.5242774733583,1,3,1,0),(22,'4l4cr4n',892.5251950508846,1,3,1,1),(23,'DubCL',846.546815553461,3,3,1,0),(24,'Yuu',1093.6143991734198,1,3,1,0),(25,'Klaxdio',975.1998302242333,8,3,1,1),(26,'Moretiao',950,17,3,1,1),(27,'Cami_chi',958.3153618157081,10,3,1,0),(28,'Ozz',966.8224412123812,11,3,1,1),(29,'kaisark',976.6197863190312,12,3,1,0),(30,'tkross-itachi',1292.8368747539644,4,3,1,1),(31,'pinzunzas',810.911954436309,7,3,1,1),(32,'Irzerl',1035.6268629409262,13,3,1,0),(33,'SOLIDO',1339.154299200689,9,3,1,0),(34,'GOUKEN_IQQ',1166.0075019762735,6,3,1,0),(35,'CholeUC',970.2541941553219,13,3,1,1),(36,'Shiryu_IQQ',1051.2887504416233,6,3,1,1),(37,'mexita',1084.6310244644833,13,3,1,0),(38,'Sir.Weon',926.5100068810164,17,3,1,0),(39,'Beffen',900.2307174766628,2,3,1,1),(40,'AbsoluteFailure',956.334773121558,8,3,1,1),(41,'massterdrawa',873.3654867945463,17,3,1,1),(42,'manquitox',956.3795702977678,2,3,1,1),(43,'Kiuuden',1085.406411648191,7,3,1,0),(44,'perrito38',1038.0532583989984,1,3,1,0),(45,'ArielSF',1100.5148620505904,17,3,1,1),(46,'Curenay',916.0889251638076,7,3,1,1),(47,'Hyyakkimaaru',904.591610196809,9,3,1,0),(48,'Levkan',929.5061933148282,11,3,1,0),(49,'Sas_del_maestro',943.7512954316497,11,3,1,1),(50,'tehbikersingold',949.5056623666621,12,3,1,1),(51,'millatron-sf',917.9188428220632,19,3,1,0),(52,'DrockCL',927.9079708476695,11,3,1,1),(53,'Retrasadoo',926.114276143599,15,3,1,0),(54,'Fevil',938.0121011956683,12,3,1,0),(55,'sH4lOt3',1009.5064630384434,6,3,1,0),(56,'bm_cerv',889.083399328315,20,3,1,1),(65,'Playleo',1034.672157989037,13,5,2,1),(66,'Fevil2',934.7208214119375,6,3,1,1),(67,'sr.maty',1187.1426729841514,14,5,2,1),(68,'Makai1980',947.7987040535638,11,5,2,1),(69,'Cardoo23',1097.5192188091091,1,5,2,1),(70,'Orgys',1127.0621286206003,15,5,2,1),(71,'PinkiePie',1063.751969527149,10,5,2,1),(72,'FaithlessCrusader',951.5779152433629,6,5,3,1),(73,'SodaStereo',881.9697640444112,10,5,2,1),(74,'ParryPotter',1012.5265825946835,1,5,3,1),(75,'SuicideSheep:3',791.7517819676602,10,5,2,1),(76,'NACIONAL 1899',1114.0813007453469,1,5,3,1),(77,'NULL',1002.2407782551351,11,5,1,1),(78,'MorkmanFreeman',1249.2728130854825,5,5,2,1),(79,'Turok',939.5501508719906,9,5,2,1),(80,'Vinsfeld',1160.0447979898504,6,5,2,1),(81,'DiegoTorea',1095.8032500040285,17,5,2,1),(82,'LordKhaha',908.1636936509159,14,5,2,1),(89,'kingStrijder',718.8413056682772,9,5,2,1),(90,'Joni_Hvm',981.0311029628789,5,5,2,1),(91,'Tron21',996.8158375783478,17,5,2,1),(92,'AlexWeak',975.3953573665253,9,5,3,1),(93,'Nonpractical',931.0508432564138,6,3,1,0),(94,'Dejotadiez',1005.5595684954817,30,8,1,1),(95,'ArielSF',1143.4905817199183,54,8,1,1),(96,'Ken Yagami',1042.3576086545127,44,8,1,1),(97,'Red40ip',1032.6279398778863,58,8,1,1),(98,'Curenay',1008.1299721333455,37,8,1,1),(99,'Ohdiego',1029.4063927423363,40,8,1,1),(100,'Edhonter',982.7268796754848,49,8,1,1),(101,'Gogo',1004.2624661461912,35,8,1,1),(102,'CHEVO_CL',952.0818851357382,33,8,1,1),(103,'Erne',974.9850670366915,31,8,1,1),(104,'Perrito 38',950.149801884549,33,8,1,1),(105,'Sketch',978.850198115451,33,8,1,1),(106,'Profesaitama',950,41,8,1,1),(107,'oalsk',1056.599395973852,39,8,1,1),(108,'SephiL',1248.0812026629594,3,5,2,1),(109,'miguel0nn',1003.0859212658327,11,5,2,1),(110,'VolteXaX',851.0403607240113,6,3,1,0),(111,'SuperSfMarcade',1012.4893820185171,1,5,2,1),(112,'Uchi1978',992.5703991210999,11,5,2,1),(113,'Feelgooddj',976.8806278258226,11,5,2,1),(114,'yasuoh0',755.2164168178012,6,3,1,0),(115,'MERINO',789.3068005993556,3,3,1,0),(116,'MatiDarkWolf',947.1905976428837,14,3,1,0),(117,'mistahmax',935.8681271605124,2,3,1,1),(118,'Diplosaurio',880.5484798358289,6,3,1,0),(119,'powup1',966.5629357285487,7,3,1,0),(120,'Xopan_1202',877.8669939113465,20,3,1,0),(121,'slayerbits1',877.531028261131,3,3,1,0),(122,'Linksolidus',937.1739317488185,1,3,1,0),(123,'Pueblo32',918.6975673674926,7,3,1,0),(124,'Vinyard',950.2400514284707,8,3,1,0),(125,'Lord Tiki',961.6226776024992,8,3,1,0),(126,'Oktopus',916.9231282022167,16,3,1,0),(127,'Esteban_n',973.9694481296553,6,3,1,0),(128,'Noesni',976.6081583553,17,3,1,0),(129,'850hp',953.7221119155695,6,3,1,0),(130,'DemonP',949.6200146636828,6,3,1,0),(131,'Franciscoise',907.96867534398,5,3,1,0),(132,'chikops2',1098.4218826779288,5,3,1,0),(133,'Nostalgy',916.3544726798905,4,3,1,0),(134,'Sketch1',1026.804576176551,3,3,1,0),(135,'Arctico',954.3519233849628,20,3,1,0),(136,'Knout5',919.8959036231279,8,3,1,0),(137,'Ishida Haruo',917.1396849584042,5,3,1,0),(138,'KR4WL',923.1891512193671,3,3,1,0),(139,'Thommas',951.64409175498,6,3,1,0);
/*!40000 ALTER TABLE `app_player` ENABLE KEYS */;
UNLOCK TABLES;

--
-- Table structure for table `app_result`
--

DROP TABLE IF EXISTS `app_result`;
/*!40101 SET @saved_cs_client     = @@character_set_client */;
/*!40101 SET character_set_client = utf8 */;
CREATE TABLE `app_result` (
  `id` int(11) NOT NULL AUTO_INCREMENT,
  `challenging_score` int(11) NOT NULL,
  `rival_score` int(11) NOT NULL,
  `created` datetime(6) NOT NULL,
  `replay_url` varchar(2000) DEFAULT NULL,
  `ranking_del_challenging` double NOT NULL,
  `ranking_del_rival` double NOT NULL,
  `challenging_id` int(11) NOT NULL,
  `loser_player_id` int(11) DEFAULT NULL,
  `mtype_id` int(11) NOT NULL,
  `rival_id` int(11) NOT NULL,
  `tournament_id` int(11) DEFAULT NULL,
  `victory_player_id` int(11) DEFAULT NULL,
  `league_id` int(11) NOT NULL,
  PRIMARY KEY (`id`),
  KEY `app_result_challenging_id_8ce0a21a_fk_app_player_id` (`challenging_id`),
  KEY `app_result_loser_player_id_eb57221c_fk_app_player_id` (`loser_player_id`),
  KEY `app_result_mtype_id_40f006de_fk_app_matchtype_id` (`mtype_id`),
  KEY `app_result_rival_id_ff5978d7_fk_app_player_id` (`rival_id`),
  KEY `app_result_tournament_id_ec9ca1e2_fk_app_tournament_id` (`tournament_id`),
  KEY `app_result_victory_player_id_bfd32efb_fk_app_player_id` (`victory_player_id`),
  KEY `app_result_league_id_195a76e0` (`league_id`),
  CONSTRAINT `app_result_challenging_id_8ce0a21a_fk_app_player_id` FOREIGN KEY (`challenging_id`) REFERENCES `app_player` (`id`),
  CONSTRAINT `app_result_league_id_195a76e0_fk_app_league_id` FOREIGN KEY (`league_id`) REFERENCES `app_league` (`id`),
  CONSTRAINT `app_result_loser_player_id_eb57221c_fk_app_player_id` FOREIGN KEY (`loser_player_id`) REFERENCES `app_player` (`id`),
  CONSTRAINT `app_result_mtype_id_40f006de_fk_app_matchtype_id` FOREIGN KEY (`mtype_id`) REFERENCES `app_matchtype` (`id`),
  CONSTRAINT `app_result_rival_id_ff5978d7_fk_app_player_id` FOREIGN KEY (`rival_id`) REFERENCES `app_player` (`id`),
  CONSTRAINT `app_result_tournament_id_ec9ca1e2_fk_app_tournament_id` FOREIGN KEY (`tournament_id`) REFERENCES `app_tournament` (`id`),
  CONSTRAINT `app_result_victory_player_id_bfd32efb_fk_app_player_id` FOREIGN KEY (`victory_player_id`) REFERENCES `app_player` (`id`)
) ENGINE=InnoDB AUTO_INCREMENT=1179 DEFAULT CHARSET=latin1;
/*!40101 SET character_set_client = @saved_cs_client */;

--
-- Dumping data for table `app_result`
--

LOCK TABLES `app_result` WRITE;
/*!40000 ALTER TABLE `app_result` DISABLE KEYS */;
INSERT INTO `app_result` VALUES (71,2,0,'2019-10-02 02:51:41.312312',NULL,27,-25,10,28,2,28,1,10,3),(72,2,1,'2019-10-02 02:52:23.322887',NULL,27,-25,17,27,2,27,NULL,17,3),(73,2,1,'2019-10-02 02:53:06.512137',NULL,27,-25,7,1,2,1,1,7,3),(74,2,0,'2019-10-02 02:53:27.143810',NULL,27,-25,24,26,2,26,1,24,3),(75,2,0,'2019-10-02 02:53:40.367747',NULL,27,-25,11,18,2,18,1,11,3),(76,2,0,'2019-10-02 02:53:56.909316',NULL,27,-25,1,27,2,27,1,1,3),(77,2,0,'2019-10-02 02:54:10.142777',NULL,27,-25,16,22,2,22,1,16,3),(78,2,0,'2019-10-02 02:54:21.960026',NULL,27,-25,7,17,2,17,1,7,3),(79,2,0,'2019-10-02 02:54:37.631498',NULL,27,-25,5,3,2,3,1,5,3),(80,2,1,'2019-10-02 02:54:48.270871',NULL,27,-25,15,19,2,19,1,15,3),(81,2,1,'2019-10-02 02:55:27.661605',NULL,27,-25,14,25,2,25,1,14,3),(82,2,0,'2019-10-02 02:55:42.302083',NULL,25.061095397141422,-23.061095397141422,11,20,2,20,1,11,3),(83,2,0,'2019-10-02 02:55:56.633354',NULL,27,-25,14,24,2,24,1,14,3),(84,2,0,'2019-10-02 02:56:19.326403',NULL,25.061095397141422,-23.061095397141422,16,21,2,21,1,16,3),(85,2,1,'2019-10-02 02:56:32.208194',NULL,27,-25,25,26,2,26,1,25,3),(86,2,0,'2019-10-02 02:56:50.121525',NULL,27,-25,3,28,2,28,1,3,3),(87,2,1,'2019-10-02 02:57:00.795987',NULL,27,-25,13,23,2,23,1,13,3),(88,2,0,'2019-10-02 02:57:25.181330',NULL,28.938904602858578,-26.938904602858578,19,24,2,24,1,19,3),(89,2,0,'2019-10-02 02:57:36.494072',NULL,25.061095397141422,-23.061095397141422,15,2,2,2,1,15,3),(90,2,0,'2019-10-02 02:57:44.992782',NULL,25.19983022423336,-23.19983022423336,3,21,2,21,1,3,3),(91,2,1,'2019-10-02 02:57:54.693376',NULL,27,-25,5,10,2,10,1,5,3),(92,2,0,'2019-10-02 02:58:09.428464',NULL,30.854623791266455,-28.854623791266455,9,14,2,14,1,9,3),(93,2,0,'2019-10-02 02:58:18.592853',NULL,25.061095397141422,-23.061095397141422,5,13,2,13,1,5,3),(94,2,1,'2019-10-02 02:58:29.244249',NULL,27.139513952798342,-25.139513952798342,1,19,2,19,1,1,3),(95,2,0,'2019-10-02 02:58:40.878022',NULL,27,-25,11,16,2,16,1,11,3),(96,2,0,'2019-10-02 02:59:11.542019',NULL,23.408454535435922,-21.408454535435922,3,20,2,20,1,3,3),(97,2,0,'2019-10-02 02:59:20.515137',NULL,25.171069763695385,-23.171069763695385,3,14,2,14,1,3,3),(98,2,0,'2019-10-02 02:59:30.560932',NULL,25.061095397141422,-23.061095397141422,10,22,2,22,1,10,3),(99,2,0,'2019-10-02 02:59:46.579360',NULL,27,-25,18,23,2,23,1,18,3),(100,2,0,'2019-10-02 03:00:10.047946',NULL,26.86048604720165,-24.86048604720165,7,15,2,15,1,7,3),(101,2,0,'2019-10-02 03:00:19.804104',NULL,28.80016977576664,-26.80016977576664,2,25,2,25,1,2,3),(102,2,1,'2019-10-02 03:00:31.229674',NULL,26.730962357540133,-24.730962357540133,2,17,2,17,1,2,3),(103,2,1,'2019-10-02 03:00:41.898614',NULL,26.850447546997824,-24.850447546997824,1,16,2,16,1,1,3),(104,2,1,'2019-10-02 03:00:56.508985',NULL,24.951622400192612,-22.951622400192612,2,13,2,13,1,2,3),(105,2,0,'2019-10-02 03:01:17.427376',NULL,25.19983022423337,-23.19983022423337,10,18,2,18,1,10,3),(106,2,0,'2019-10-02 03:01:29.504375',NULL,25.19988599616017,-23.19988599616017,10,15,2,15,1,10,3),(107,2,1,'2019-10-02 03:01:40.187904',NULL,30.446645229534685,-28.446645229534685,9,5,2,5,1,9,3),(108,2,0,'2019-10-02 03:01:50.795372',NULL,26.87052459239597,-24.87052459239597,7,11,2,11,1,7,3),(109,2,0,'2019-10-02 03:02:08.809017',NULL,25.457011868282446,-23.457011868282446,10,1,2,1,1,10,3),(110,2,0,'2019-10-02 03:02:27.693982',NULL,25.680285540552504,-23.680285540552504,3,2,2,2,1,3,3),(111,2,1,'2019-10-02 03:02:49.760670',NULL,23.264644907092528,-21.264644907092528,10,5,2,5,1,10,3),(112,2,1,'2019-10-02 03:03:03.274177',NULL,30.380451296848154,-28.380451296848154,11,3,2,3,1,11,3),(113,3,0,'2019-10-02 03:03:17.420703',NULL,36.98537016929806,-33.98537016929806,9,7,2,7,1,9,3),(114,3,1,'2019-10-02 03:03:40.610434',NULL,29.424060598414172,-26.424060598414172,10,11,2,11,1,10,3),(115,3,2,'2019-10-02 03:03:52.521585',NULL,26.059521637670038,-23.059521637670038,10,7,2,7,1,10,3),(116,3,1,'2019-10-02 03:04:04.954039',NULL,40.06445416516937,-37.06445416516937,9,10,2,10,1,9,3),(117,10,7,'2019-10-02 14:25:37.823082','fightcade://challenge-1146-1569734662.69@sfiii3n',10.29024518278021,-10.29024518278021,1,7,1,7,NULL,1,3),(118,10,2,'2019-10-02 14:42:11.277252','fightcade://challenge-5578-1569801122.54@sfiii3n',25.779286207391575,-25.779286207391575,3,7,1,7,NULL,3,3),(120,10,5,'2019-10-03 03:19:55.836637','fightcade://challenge-5192-1570067116.66@sfiii3n',1.3277649772318,-1.3277649772318,9,5,1,5,NULL,9,3),(121,10,5,'2019-10-03 03:20:26.067112','fightcade://challenge-4838-1570070822.37@sfiii3n',7.47115884293393,-7.47115884293393,2,24,1,24,NULL,2,3),(122,10,0,'2019-10-04 02:22:32.872791','fightcade://challenge-5839-1570143814.83@sfiii3n',32.53052356655076,-32.53052356655076,3,8,1,8,NULL,3,3),(123,10,4,'2019-10-04 02:23:00.060513','fightcade://challenge-4071-1570145689.56@sfiii3n',3.2850788761818137,-3.2850788761818137,3,16,1,16,NULL,3,3),(124,10,4,'2019-10-04 02:23:29.572966','fightcade://challenge-4497-1570139978.17@sfiii3n',15.238079431463653,-15.238079431463653,16,24,1,24,NULL,16,3),(125,10,4,'2019-10-05 01:04:54.996606',NULL,32.681197071793505,-32.681197071793505,5,3,1,3,NULL,5,3),(126,10,2,'2019-10-05 01:05:30.905639',NULL,27.686211807615948,-27.686211807615948,5,1,1,1,NULL,5,3),(127,10,9,'2019-10-05 01:43:03.269094',NULL,13.389395723342759,-13.389395723342759,1,3,1,3,NULL,1,3),(128,6,10,'2019-10-06 17:20:19.085335','fightcade://challenge-8231-1570285296.51@sfiii3n',-12.999948840006383,12.999948840006383,13,13,1,8,NULL,8,3),(129,10,0,'2019-10-06 17:19:43.193583','fightcade://challenge-3234-1570287240.47@sfiii3n',29.976500623434323,-29.976500623434323,3,13,1,13,NULL,3,3),(130,10,5,'2019-10-05 15:50:43.455009',NULL,-2.0018983110272637,2.0018983110272637,3,8,1,8,NULL,3,3),(131,10,4,'2019-10-05 19:26:26.492570',NULL,11.363235863067167,-11.363235863067167,16,24,1,24,NULL,16,3),(132,10,3,'2019-10-05 19:26:42.080468',NULL,14.5997276303857,-14.5997276303857,16,27,1,27,NULL,16,3),(135,10,6,'2019-10-05 19:27:56.671964',NULL,13.773384495968376,-13.773384495968376,8,14,1,14,NULL,8,3),(136,10,8,'2019-10-05 20:36:51.510002',NULL,3.199360057390057,-3.199360057390057,1,7,1,7,NULL,1,3),(137,10,9,'2019-10-05 23:43:45.514119',NULL,1.6446782177338926,-1.6446782177338926,24,27,1,27,NULL,24,3),(138,10,4,'2019-10-05 23:43:57.824965',NULL,14.706105820100122,-14.706105820100122,1,8,1,8,NULL,1,3),(139,10,1,'2019-10-06 03:05:47.382294','fightcade://challenge-4068-1570235759.76@sfiii3n',30.83985899144039,-30.83985899144039,1,29,1,29,NULL,1,3),(140,10,0,'2019-10-06 03:06:23.827809',NULL,35.93412423257149,-35.93412423257149,16,29,1,29,NULL,16,3),(141,10,3,'2019-10-06 03:07:02.530341','fightcade://challenge-6248-1570301226.58@sfiii3n',7.615838315578553,-7.615838315578553,1,24,1,24,NULL,1,3),(142,5,10,'2019-10-06 03:34:07.821313',NULL,-11.139620081842025,11.139620081842025,8,8,1,7,NULL,7,3),(143,5,10,'2019-10-06 17:15:51.996379','fightcade://challenge-5722-1570303839.60@sfiii3n',-0.2794337592261964,0.2794337592261964,8,8,1,5,NULL,5,3),(145,4,10,'2019-10-06 03:38:40.387498','fightcade://challenge-1803-1570331194.96@sfiii3n',-18.1427086734052,18.1427086734052,16,16,1,1,NULL,1,3),(146,10,1,'2019-10-06 17:24:41.044865','fightcande://challenge-1224-1570333084.29@sfiii3n',22.19814358823923,-22.19814358823923,9,7,1,7,NULL,9,3),(147,10,9,'2019-10-06 15:21:28.413367','fightcade://challenge-5697-1570372514.35@sfiii3n',-2.1626094569740326,2.1626094569740326,8,24,1,24,NULL,8,3),(148,10,3,'2019-10-06 16:18:01.780095','fightcade://challenge-6537-1570376019.78@sfiii3n',32.27970995012101,-32.27970995012101,24,31,1,31,NULL,24,3),(149,10,9,'2019-10-06 18:37:53.090696','fightcade://challenge-2865-1570384426.12@sfiii3n',-1.5770042207772372,1.5770042207772372,32,24,1,24,NULL,32,3),(150,10,6,'2019-10-06 18:56:50.698205','fightcade://challenge-9744-1570386196.87@sfiii3n',-5.715037649699289,5.715037649699289,3,19,1,19,NULL,3,3),(151,10,3,'2019-10-06 19:32:47.310829','fightcade://challenge-1265-1570388433.71@sfiii3n',11.13073664431516,-11.13073664431516,5,19,1,19,NULL,5,3),(152,10,7,'2019-10-07 00:16:56.923835','fightcade://challenge-8942-1570403991.88@sfiii3n',3.0631527789784805,-3.0631527789784805,24,29,1,29,NULL,24,3),(153,10,1,'2019-10-07 01:25:34.083862','fightcade://challenge-3819-1570409964.22@sfiii3n',21.78912203929342,-21.78912203929342,9,2,1,2,NULL,9,3),(154,10,3,'2019-10-07 20:55:49.773161','fightcade://challenge-3549-1570479639.11@sfiii3n',15.501714325644846,-15.501714325644846,32,29,1,29,NULL,32,3),(155,10,4,'2019-10-10 19:16:30.886009','fightcade://challenge-7088-1570732230.70@sfiii3n',2.6221555159540855,-2.6221555159540855,1,8,1,8,NULL,1,3),(156,10,2,'2019-10-10 23:46:45.840086','fightcade://challenge-9668-1570749495.24@sfiii3n',19.771465561591626,-19.771465561591626,5,2,1,2,NULL,5,3),(157,10,7,'2019-10-11 01:06:57.371788','replay:challenge-7858-1570753702.77@sfiii3n',7.987635928046143,-7.987635928046143,33,7,1,7,NULL,33,3),(161,10,1,'2019-10-11 03:32:22.666427','fightcade://challenge-1929-1570755917.16@sfiii3n',37.85256147553121,-37.85256147553121,30,33,1,33,NULL,30,3),(162,10,6,'2019-10-11 03:32:59.951342','fightcade://challenge-3083-1570758464.58@sfiii3n',27.963159026349878,-27.963159026349878,33,1,1,1,NULL,33,3),(163,10,4,'2019-10-11 03:33:20.089129','fightcade://challenge-2321-1570762208.97@sfiii3n',9.344900558636287,-9.344900558636287,1,2,1,2,NULL,1,3),(164,10,4,'2019-10-11 03:50:19.314674','fightcade://challenge-8902-1570763683.98@sfiii3n',25.61352416151849,-25.61352416151849,30,1,1,1,NULL,30,3),(165,10,3,'2019-10-11 04:21:19.619510','fightcade://challenge-6369-1570766098.81@sfiii3n',23.221820318652952,-23.221820318652952,33,2,1,2,NULL,33,3),(166,10,2,'2019-10-11 04:25:52.931585','fightcade://challenge-7149-1570765857.90@sfiii3n',17.61752580171762,-17.61752580171762,30,8,1,8,NULL,30,3),(167,10,0,'2019-10-11 15:40:30.333702','fightcade://challenge-6706-1570767675.22@sfiii3n',35.60703159754064,-35.60703159754064,33,8,1,8,NULL,33,3),(168,10,4,'2019-10-12 01:42:24.179576','fightcade://challenge-1022-1570842027.79@sfiii3n',11.077010158529873,-11.077010158529873,9,5,1,5,NULL,9,3),(169,10,3,'2019-10-12 02:09:54.451883',NULL,12.98404248047022,-12.98404248047022,30,7,1,7,NULL,30,3),(170,10,2,'2019-10-12 02:10:37.584961','fightcade://challenge-1663-1570844085.84@sfiii3n',19.342088047311478,-19.342088047311478,9,3,1,3,NULL,9,3),(171,10,2,'2019-10-12 02:20:49.759465','replay:challenge-7041-1570845426.88@sfiii3n',14.007432564715373,-14.007432564715373,5,7,1,7,NULL,5,3),(172,10,5,'2019-10-12 03:45:19.536994',NULL,11.111116665232743,-11.111116665232743,3,1,1,1,NULL,3,3),(173,10,4,'2019-10-12 04:47:04.239941','fightcade:// challenge-5914-1570853927.34@sfiii3n',8.49954760788676,-8.49954760788676,1,7,1,7,NULL,1,3),(175,10,6,'2019-10-12 16:06:42.700569','fightcade://challenge-3513-1570893914.42@sfiii3n',6.946326258915924,-6.946326258915924,2,27,1,27,NULL,2,3),(176,10,1,'2019-10-12 19:27:37.262754','fightcade://challenge-5564-1570906964.73@sfiii3n',27.796843666871755,-27.796843666871755,1,14,1,14,NULL,1,3),(177,10,2,'2019-10-12 19:41:54.175683','fightcade://challenge-3034-1570907588.88@sfiii3n',5.655430561069834,-5.655430561069834,5,8,1,8,NULL,5,3),(178,10,4,'2019-10-12 20:09:44.231511','fightcade:// challenge-3840-1570909143.93@sfiii3n',13.929518026948063,-13.929518026948063,5,1,1,1,NULL,5,3),(179,10,7,'2019-10-12 20:14:23.030832','fightcade://challenge-2227-1570908927.90@sfiii3n',14.873086400234381,-14.873086400234381,8,14,1,14,NULL,8,3),(180,10,4,'2019-10-12 20:45:38.841158','fightcade://challenge-8302-1570911139.96@sfiii3n',0.8355356650769896,-0.8355356650769896,1,8,1,8,NULL,1,3),(182,10,8,'2019-10-12 21:57:38.689111','fightcade:// challenge-2206-1570913020.21@sfiii3n',19.563229901892708,-19.563229901892708,7,1,1,1,NULL,7,3),(183,10,3,'2019-10-13 02:49:00.793107','fightcade:// challenge-7483-1570933088.94@sfiii3n',7.748234207822825,-7.748234207822825,1,8,1,8,NULL,1,3),(184,10,1,'2019-10-14 02:42:47.624571',NULL,30.432943395988413,-30.432943395988413,7,27,1,27,NULL,7,3),(185,10,1,'2019-10-15 00:25:17.078969','fightcade://challenge-8936-1571097750.13@sfiii3n',21.990632302290784,-21.990632302290784,33,13,1,13,NULL,33,3),(186,10,2,'2019-10-15 01:02:06.828108','replay:challenge-1021-1571099820.88@sfiii3n',18.493394920317137,-18.493394920317137,7,13,1,13,NULL,7,3),(187,10,6,'2019-10-15 02:47:43.178295','fightcade://challenge-8739-1571105190.89@sfiii3n',17.430114624367874,-17.430114624367874,30,5,1,5,NULL,30,3),(188,10,5,'2019-10-15 03:14:51.884844','fightcade://challenge-8252-1571107119.19@sfiii3n',4.341306546976025,-4.341306546976025,16,2,1,2,NULL,16,3),(189,10,1,'2019-10-15 19:39:53.278490','fightcade://challenge-8209-1571166325.25@sfiii3n',17.00770431598175,-17.00770431598175,1,13,1,13,NULL,1,3),(190,10,3,'2019-10-16 14:41:18.322984','fightcade://challenge-9113-1571173715.89@sfiii3n',22.178360056588023,-22.178360056588023,27,13,1,13,NULL,27,3),(193,10,3,'2019-10-15 22:09:35.896350','fightcade://replay challenge-1346-1571175313.31@sfiii3n',-6.243253506197486,6.243253506197486,10,13,1,13,NULL,10,3),(194,10,6,'2019-10-15 22:52:43.906749','fightcade://challenge-1098-1571178148.99@sfiii3n',-1.9627719692289547,1.9627719692289547,2,13,1,13,NULL,2,3),(195,10,2,'2019-10-15 23:02:28.117934','fightcade://challenge-8386-1571177881.48@sfiii3n',15.425584714570885,-15.425584714570885,16,14,1,14,NULL,16,3),(196,10,1,'2019-10-15 23:18:04.729332','fightcade://challenge-7676-1571179762.63@sfiii3n',28.676659286899778,-28.676659286899778,14,13,1,13,NULL,14,3),(197,10,2,'2019-10-15 23:45:25.932510','fightcade://	challenge-5411-1571181062.46@sfiii3n',9.52045295249328,-9.52045295249328,10,2,1,2,NULL,10,3),(198,10,0,'2019-10-16 02:37:07.966582','fightcade://challenge-6136-1571191981.77@sfiii3n',25.71912521926482,-25.71912521926482,16,27,1,27,NULL,16,3),(199,10,3,'2019-10-17 01:37:21.215333','replay:challenge-7063-1571274977.12@sfiii3n',11.710101825686438,-11.710101825686438,5,7,1,7,NULL,5,3),(200,10,0,'2019-10-17 19:00:11.565633','fightcade://challenge-4034-1571337556.65@sfiii3n',22.98716167386425,-22.98716167386425,1,27,1,27,NULL,1,3),(201,10,5,'2019-10-17 23:52:54.734918','fightcade://challenge-9709-1571354293.72@sfiii3n',10.523775884674242,-10.523775884674242,5,1,1,1,NULL,5,3),(202,10,6,'2019-10-18 00:27:04.924731','fightcade://challenge-9054-1571356322.54@sfiii3n',9.765707861438258,-9.765707861438258,3,1,1,1,NULL,3,3),(204,10,4,'2019-10-18 14:04:36.412584','fightcade://challenge-1563-1571405364.14@sfiii3n',29.74580584467806,-29.74580584467806,27,35,1,35,NULL,27,3),(205,10,9,'2019-10-18 18:19:21.074515','fightcade://challenge-5926-1571419250.77@sfiii3n',4.318675708134586,-4.318675708134586,27,29,1,29,NULL,27,3),(207,10,4,'2019-10-19 01:33:10.002137','fightcade://challenge-6028-1571446598.99@sfiii3n',10.902735494643037,-10.902735494643037,5,1,1,1,NULL,5,3),(208,10,0,'2019-10-19 16:27:07.369262','fightcade://challenge-5137-1571499362.35@sfiii3n',12.926328543161386,-12.926328543161386,9,27,1,27,NULL,9,3),(209,10,5,'2019-10-19 22:39:13.966995','fightcade://challenge-7233-1571519831.42@sfiii3n',9.59947932293235,-9.59947932293235,3,1,1,1,NULL,3,3),(210,10,1,'2019-10-20 03:57:29.329181','fightcade://challenge-5766-1571534603.19@sfiii3n',21.45142006725813,-21.45142006725813,9,16,1,16,NULL,9,3),(213,10,6,'2019-10-20 04:00:09.604107','fightcade://challenge-6572-1571536746.40@sfiii3n',-0.23408609528388635,0.23408609528388635,9,5,1,5,NULL,9,3),(214,10,5,'2019-10-20 05:50:28.140272','fightcade://challenge-9288-1571541488.18@sfiii3n',8.492507610573831,-8.492507610573831,30,1,1,1,NULL,30,3),(215,10,9,'2019-10-21 00:18:46.512228',NULL,7.27536992106918,-7.27536992106918,30,5,1,5,NULL,30,3),(216,10,6,'2019-10-21 00:21:56.078177','fightcade://challenge-7860-1571615418.43@sfiii3n',15.067488799286872,-15.067488799286872,1,16,1,16,NULL,1,3),(217,10,3,'2019-10-21 00:22:25.316741',NULL,15.876513723664658,-15.876513723664658,33,7,1,7,NULL,33,3),(234,10,5,'2019-10-23 14:23:10.926522','fightcade://challenge-7548-1571618748.10@sfiii3n',-6.50522753087594,6.50522753087594,9,1,1,1,NULL,9,3),(242,10,9,'2019-10-23 14:39:02.335041','fightcade://challenge-7210-1571621111.61@sfiii3n',12.082283204417717,-12.082283204417717,7,1,1,1,NULL,7,3),(243,10,6,'2019-10-23 14:39:35.698361','fightcade://challenge-8628-1571623612.91@sfiii3n',7.001955041189763,-7.001955041189763,33,1,1,1,NULL,33,3),(244,10,2,'2019-10-23 14:40:04.135395','fightcade://challenge-9911-1571625321.67@sfiii3n',9.933083713837707,-9.933083713837707,30,8,1,8,NULL,30,3),(245,10,6,'2019-10-23 14:40:29.604447','fightcade://challenge-1588-1571626615.62@sfiii3n',0.785141007373894,-0.785141007373894,30,1,1,1,NULL,30,3),(246,10,0,'2019-10-23 14:40:49.034527','fightcade://challenge-9707-1571775394.65@sfiii3n',12.936760549522985,-12.936760549522985,10,13,1,13,NULL,10,3),(247,10,4,'2019-10-23 14:41:12.931685','fightcade://challenge-7385-1571781335.95@sfiii3n',0.8784633829130273,-0.8784633829130273,10,7,1,7,NULL,10,3),(249,10,4,'2019-10-23 15:52:07.205140','fightcade://challenge-8357-1571790775.28@sfiii3n',15.569911766838967,-15.569911766838967,5,3,1,3,NULL,5,3),(250,1,10,'2019-10-24 00:09:14.379866','fightcade://challenge-5825-1571874125.49@sfiii3n',-12.014648581666362,12.014648581666362,27,27,1,3,NULL,3,3),(251,10,3,'2019-10-24 19:55:56.085345','fightcade://challenge-7237-1571944940.40@sfiii3n',8.398080207186593,-8.398080207186593,33,24,1,24,NULL,33,3),(252,10,1,'2019-10-25 15:29:15.534260','fightcade://challenge-9671-1572014357.98@sfiii3n',25.812542159329624,-25.812542159329624,24,27,1,27,NULL,24,3),(253,10,1,'2019-10-26 00:45:06.028961','fightcade://challenge-1265-1572048404.55@sfiii3n',33.74116805688538,-33.74116805688538,24,31,1,31,NULL,24,3),(254,1,10,'2019-10-26 01:34:22.589084','fightcade://challenge-3539-1572051953.15@sfiii3n',-17.48133150390249,17.48133150390249,14,14,1,3,NULL,3,3),(255,10,4,'2019-10-26 03:00:29.515744','fightcade://challenge-6357-1572057073.71@sfiii3n',12.755128937073884,-12.755128937073884,7,2,1,2,NULL,7,3),(256,10,7,'2019-10-26 03:02:45.297530','fightcade://challenge-5165-1572056691.31@sfiii3n',0.9888298548578289,-0.9888298548578289,1,36,1,36,NULL,1,3),(257,10,3,'2019-10-26 03:28:30.907745','fightcade://challenge-4452-1572058763.66@sfiii3n',17.348182455483883,-17.348182455483883,36,2,1,2,NULL,36,3),(258,10,9,'2019-10-26 03:40:03.908618','fightcade://challenge-3775-1572058786.24@sfiii3n',-1.93886790975619,1.93886790975619,1,7,1,7,NULL,1,3),(259,10,5,'2019-10-26 04:21:46.538972','fightcade://challenge-8413-1572061880.62@sfiii3n',0.8405618467809473,-0.8405618467809473,5,1,1,1,NULL,5,3),(260,10,4,'2019-10-26 15:34:04.519228','fightcade://challenge-5573-1572102112.10@sfiii3n',-4.121965638389408,4.121965638389408,24,13,1,13,NULL,24,3),(261,10,5,'2019-10-26 16:25:14.130785','fightcade://challenge-8700-1572103769.94@sfiii3n',-5.511761018993155,5.511761018993155,34,13,1,13,NULL,34,3),(262,10,9,'2019-10-26 16:55:55.583984','fightcade://challenge-8906-1572106213.36@sfiii3n',5.812789287094274,-5.812789287094274,34,24,1,24,NULL,34,3),(263,10,2,'2019-10-26 19:26:03.769261','fightcade://challenge-3824-1572116175.52@sfiii3n',16.09090649691831,-16.09090649691831,1,14,1,14,NULL,1,3),(264,10,5,'2019-10-26 19:57:22.571551','fightcade://challenge-1556-1572118053.64@sfiii3n',6.252113577940853,-6.252113577940853,1,37,1,37,NULL,1,3),(265,10,0,'2019-10-27 00:42:41.282802','fightcade://challenge-6846-1572128029.53@sfiii3n',28.45841949952301,-28.45841949952301,30,15,1,15,NULL,30,3),(266,10,0,'2019-10-27 00:51:08.801129','fightcade://challenge-4393-1572136213.85@sfiii3n',19.65500859239588,-19.65500859239588,1,27,1,27,NULL,1,3),(267,10,2,'2019-10-27 01:29:05.852426','fightcade://challenge-2838-1572138059.89@sfiii3n',20.701096880357362,-20.701096880357362,5,1,1,1,NULL,5,3),(268,10,1,'2019-10-27 01:50:16.619450','fightcade://challenge-1576-1572139583.35@sfiii3n',9.965669804040626,-9.965669804040626,1,13,1,13,NULL,1,3),(269,10,7,'2019-10-27 02:25:44.506892','fightcade://challenge-5194-1572140261.32@sfiii3n',10.712116725381888,-10.712116725381888,30,5,1,5,NULL,30,3),(270,10,1,'2019-10-27 16:28:20.393474','fightcade://challenge-7626-1572191904.12@sfiii3n',15.70485083568495,-15.70485083568495,30,34,1,34,NULL,30,3),(271,10,2,'2019-10-27 17:19:50.186299','fightcade://challenge-9171-1572193471.58@sfiii3n',7.334642783793107,-7.334642783793107,5,34,1,34,NULL,5,3),(272,10,2,'2019-10-27 17:24:56.754212','fightcade://challenge-2167-1572195209.34@sfiii3n',3.590421187713794,-3.590421187713794,5,8,1,8,NULL,5,3),(273,10,0,'2019-10-27 17:39:24.059128','fightcade://challenge-4377-1572196262.65@sfiii3n',7.47766293797207,-7.47766293797207,9,13,1,13,NULL,9,3),(274,10,6,'2019-10-27 18:25:30.551353','fightcade://challenge-4001-1572198575.86@sfiii3n',-2.106440322246692,2.106440322246692,1,34,1,34,NULL,1,3),(275,10,3,'2019-10-27 18:53:45.273458','fightcade://challenge-6547-1572200601.98@sfiii3n',10.279142210082334,-10.279142210082334,30,1,1,1,NULL,30,3),(276,10,4,'2019-10-27 19:35:38.067125','fightcade://challenge-7753-1572203071.60@sfiii3n',12.11032108595807,-12.11032108595807,1,24,1,24,NULL,1,3),(277,10,1,'2019-10-27 20:23:01.527497','fightcade://challenge-9481-1572206122.32@sfiii3n',13.447776576554347,-13.447776576554347,30,24,1,24,NULL,30,3),(278,10,7,'2019-10-27 21:06:00.458829','fightcade://challenge-2522-1572208169.63@sfiii3n',4.465746599905193,-4.465746599905193,33,1,1,1,NULL,33,3),(279,10,1,'2019-10-27 22:34:26.433301','fightcade://challenge-8491-1572214346.22@sfiii3n',18.43380834590397,-18.43380834590397,1,2,1,2,NULL,1,3),(280,10,0,'2019-10-27 22:51:26.122723','fightcade://challenge-2472-1572215087.67@sfiii3n',20.09337515666822,-20.09337515666822,30,38,1,38,NULL,30,3),(281,10,1,'2019-10-27 23:23:31.815764','fightcade://challenge-9737-1572216232.28@sfiii3n',35.5419592949602,-35.5419592949602,24,38,1,38,NULL,24,3),(282,10,0,'2019-10-27 23:38:19.958644','fightcade://challenge-5528-1572217940.48@sfiii3n',49.392537122122405,-49.392537122122405,29,38,1,38,NULL,29,3),(283,10,2,'2019-10-28 00:00:37.655874','fightcade://challenge-5588-1572219263.54@sfiii3n',39.917536697755935,-39.917536697755935,13,38,1,38,NULL,13,3),(284,10,0,'2019-10-28 00:16:23.246883','fightcade://challenge-1872-1572220398.73@sfiii3n',15.191178340805362,-15.191178340805362,30,29,1,29,NULL,30,3),(285,10,1,'2019-10-28 00:36:00.007947','fightcade://challenge-2348-1572221212.27@sfiii3n',7.0914482513605614,-7.0914482513605614,9,19,1,19,NULL,9,3),(286,10,4,'2019-10-28 00:38:35.656414','fightcade://challenge-7848-1572220863.93@sfiii3n',-0.9499535525156899,0.9499535525156899,24,13,1,13,NULL,24,3),(287,10,1,'2019-10-28 00:58:02.660054','fightcade://challenge-7856-1572222686.51@sfiii3n',4.807597654631701,-4.807597654631701,9,8,1,8,NULL,9,3),(288,10,9,'2019-10-28 01:06:12.282412','fightcade://challenge-6176-1572222204.60@sfiii3n',-5.802651710827944,5.802651710827944,30,5,1,5,NULL,30,3),(289,10,1,'2019-10-28 01:38:31.914759','fightcade://challenge-3198-1572225024.84@sfiii3n',6.804670997242229,-6.804670997242229,30,19,1,19,NULL,30,3),(290,10,0,'2019-10-28 01:54:04.217440','fightcade://challenge-7750-1572226096.18@sfiii3n',13.153091221022532,-13.153091221022532,10,38,1,38,NULL,10,3),(291,10,0,'2019-10-28 02:12:19.722901','fightcade://challenge-8268-1572227162.51@sfiii3n',35.513927418014894,-35.513927418014894,24,23,1,23,NULL,24,3),(292,10,0,'2019-10-28 02:31:19.857339','fightcade://challenge-5354-1572228521.58@sfiii3n',11.230325832214328,-11.230325832214328,30,23,1,23,NULL,30,3),(293,10,0,'2019-10-28 03:12:06.444896','fightcade://challenge-9646-1572231002.11@sfiii3n',16.824121591662063,-16.824121591662063,1,38,1,38,NULL,1,3),(294,10,2,'2019-10-28 03:22:14.827003','fightcade://challenge-1127-1572232254.37@sfiii3n',29.169330728132547,-29.169330728132547,2,23,1,23,NULL,2,3),(295,10,4,'2019-10-28 04:14:49.054457','fightcade://challenge-9743-1572233856.40@sfiii3n',-8.281035447638539,8.281035447638539,30,36,1,36,NULL,30,3),(296,10,6,'2019-10-28 04:52:42.619836','fightcade://challenge-4179-1572235195.62@sfiii3n',-3.1614861282303552,3.1614861282303552,24,29,1,29,NULL,24,3),(297,10,0,'2019-10-28 21:33:18.037394','fightcade://challenge-7323-1572295923.32@sfiii3n',11.064135154412643,-11.064135154412643,10,27,1,27,NULL,10,3),(298,10,0,'2019-10-28 22:03:22.524860','fightcade://challenge-1887-1572298693.79@sfiii3n',17.487665774494758,-17.487665774494758,10,2,1,2,NULL,10,3),(299,10,0,'2019-10-29 00:00:03.142481','fightcade://challenge-8117-1572305294.72@sfiii3n',17.278731363141592,-17.278731363141592,10,21,1,21,NULL,10,3),(300,10,9,'2019-10-29 01:25:12.199226','fightcade://challenge-2008-1572309609.35@sfiii3n',-5.076815986165537,5.076815986165537,34,2,1,2,NULL,34,3),(301,10,2,'2019-10-29 01:58:00.855816','fightcade://challenge-6375-1572312156.54@sfiii3n',31.916207169822357,-31.916207169822357,19,34,1,34,NULL,19,3),(302,10,3,'2019-10-29 22:14:23.420649','fightcade://challenge-2949-1572385384.79@sfiii3n',-5.81893900358872,5.81893900358872,30,15,1,15,NULL,30,3),(303,10,0,'2019-10-29 22:59:53.851590','fightcade://challenge-3102-1572388527.31@sfiii3n',7.075777931705101,-7.075777931705101,30,27,1,27,NULL,30,3),(304,10,0,'2019-10-31 19:17:58.234495','fightcade://challenge-6833-1572547789.46@sfiii3n',11.604315564362322,-11.604315564362322,30,14,1,14,NULL,30,3),(305,10,1,'2019-11-01 00:59:09.874576','fightcade://challenge-3723-1572568581.19@sfiii3n',5.490537648104592,-5.490537648104592,1,27,1,27,NULL,1,3),(306,10,0,'2019-11-03 16:22:27.729359','fightcade://challenge-7476-1572790708.88@sfiii3n',28.633029749186953,-28.633029749186953,8,27,1,27,NULL,8,3),(307,2,0,'2019-11-04 01:01:57.651774',NULL,37.11471612447318,-35.11471612447318,1,30,2,30,2,1,3),(308,2,0,'2019-11-04 01:02:38.360875',NULL,20.690903401486352,-18.690903401486352,16,17,2,17,2,16,3),(309,2,1,'2019-11-04 01:03:00.359303',NULL,32.483445864238135,-30.483445864238135,21,32,2,32,2,21,3),(310,2,0,'2019-11-04 01:03:29.293456',NULL,22.854621049532756,-20.854621049532756,11,42,2,42,2,11,3),(311,2,0,'2019-11-04 01:03:48.385140',NULL,21.18872393121744,-19.18872393121744,36,34,2,34,2,36,3),(312,2,1,'2019-11-04 01:03:59.160997',NULL,31.86173186633647,-29.86173186633647,13,2,2,2,2,13,3),(313,2,0,'2019-11-04 01:04:17.489387',NULL,20.82855088187935,-18.82855088187935,16,40,2,40,2,16,3),(314,2,0,'2019-11-04 01:05:25.569268',NULL,17.201696232458694,-15.201696232458694,21,38,2,38,2,21,3),(315,2,0,'2019-11-04 01:05:45.306482',NULL,17.458098968969768,-15.458098968969768,10,11,2,11,2,10,3),(316,2,0,'2019-11-04 01:05:58.152344',NULL,14.337176419673607,-12.337176419673607,5,39,2,39,2,5,3),(317,2,1,'2019-11-04 01:06:10.325439',NULL,27,-25,44,41,2,41,2,44,3),(318,2,0,'2019-11-04 01:06:28.232895',NULL,23.5467173833583,-21.5467173833583,1,16,2,16,2,1,3),(319,2,0,'2019-11-04 01:06:48.478225',NULL,11.495673478127298,-9.495673478127298,10,21,2,21,2,10,3),(320,2,0,'2019-11-04 01:07:12.712308',NULL,15.027005229538396,-13.027005229538396,5,44,2,44,2,5,3),(321,2,0,'2019-11-04 01:07:26.199579',NULL,9.910081569220988,-7.910081569220989,1,13,2,13,2,1,3),(322,2,0,'2019-11-04 01:07:40.666802',NULL,28.895154783268683,-26.895154783268683,5,10,2,10,2,5,3),(323,3,2,'2019-11-04 01:07:57.556939',NULL,27.704585703686494,-24.704585703686494,5,1,2,1,2,5,3),(324,2,0,'2019-11-04 01:08:26.140316',NULL,25.204203652744887,-23.204203652744887,43,41,2,41,2,43,3),(325,2,0,'2019-11-04 01:08:36.599129',NULL,15.771652102579601,-13.771652102579601,30,11,2,11,2,30,3),(326,2,0,'2019-11-04 01:08:55.573620',NULL,16.90878559747564,-14.908785597475639,17,38,2,38,2,17,3),(327,2,0,'2019-11-04 01:09:13.637505',NULL,26.83667599656273,-24.83667599656273,32,40,2,40,2,32,3),(328,2,0,'2019-11-04 01:09:24.475727',NULL,24.309144689612836,-22.309144689612836,43,39,2,39,2,43,3),(329,2,0,'2019-11-04 01:09:35.932148',NULL,10.56511358290014,-8.56511358290014,30,17,2,17,2,30,3),(330,2,0,'2019-11-04 01:09:51.933342',NULL,24.765808652699466,-22.765808652699466,32,42,2,42,2,32,3),(331,2,1,'2019-11-04 01:10:12.617285',NULL,28.9116935191945,-26.9116935191945,2,34,2,34,2,2,3),(332,2,0,'2019-11-04 01:10:40.468812',NULL,24.323146398887207,-22.323146398887207,16,43,2,43,2,16,3),(333,2,0,'2019-11-04 01:10:55.688760',NULL,25.485693448647982,-23.485693448647982,32,44,2,44,2,32,3),(334,2,0,'2019-11-04 01:11:21.483698',NULL,23.3443121220891,-21.3443121220891,21,2,2,2,2,21,3),(335,2,0,'2019-11-04 01:11:36.787029',NULL,16.907474145680872,-14.90747414568087,30,16,2,16,2,30,3),(336,2,1,'2019-11-04 01:11:54.463781',NULL,22.687682983971012,-20.687682983971012,32,21,2,21,2,32,3),(337,2,0,'2019-11-04 01:12:23.044382',NULL,23.140005655937934,-21.140005655937934,30,10,2,10,2,30,3),(338,2,1,'2019-11-04 01:12:54.512392',NULL,40.054163432070624,-38.054163432070624,13,32,2,32,2,13,3),(339,3,0,'2019-11-04 01:13:31.934333',NULL,9.117304715195589,-6.117304715195589,30,13,2,13,2,30,3),(340,3,1,'2019-11-04 01:13:52.718384',NULL,44.739418826348654,-41.739418826348654,1,30,2,30,2,1,3),(341,3,1,'2019-11-04 01:14:05.421659',NULL,38.934446010910804,-35.934446010910804,1,5,2,5,2,1,3),(342,3,1,'2019-11-04 01:14:18.898110',NULL,33.45094366343109,-30.450943663431094,5,1,2,1,2,5,3),(343,10,1,'2019-11-04 23:22:57.085320','fightcade://challenge-5971-1572907280.34@sfiii3n',18.899889454948383,-18.899889454948383,9,33,1,33,NULL,9,3),(344,10,1,'2019-11-05 01:05:10.475127','fightcade://challenge-3392-1572914338.96@sfiii3n',4.9851173356976215,-4.9851173356976215,5,8,1,8,NULL,5,3),(346,10,4,'2019-11-05 02:19:31.944945','fightcade://challenge-1344-1572903344.99@sfiii3n',-1.9347399848749758,1.9347399848749758,10,7,1,7,NULL,10,3),(347,10,0,'2019-11-05 02:20:13.821993','fightcade://challenge-5102-1572916071.57@sfiii3n',13.496646130643875,-13.496646130643875,30,8,1,8,NULL,30,3),(348,10,2,'2019-11-05 02:20:26.451087','fightcade://challenge-3003-1572917174.29@sfiii3n',-5.2644270330364655,5.2644270330364655,5,13,1,13,NULL,5,3),(349,10,0,'2019-11-05 02:20:34.772766','fightcade://challenge-2239-1572916564.29@sfiii3n',13.364757511924768,-13.364757511924768,10,34,1,34,NULL,10,3),(350,10,6,'2019-11-05 02:38:12.997521','fightcade://challenge-1448-1572917667.13@sfiii3n',-4.034970939573999,4.034970939573999,2,27,1,27,NULL,2,3),(351,10,0,'2019-11-05 02:43:33.355161','fightcade://challenge-7066-1572920197.98@sfiii3n',45.48533370081968,-45.48533370081968,5,30,1,30,NULL,5,3),(352,10,1,'2019-11-06 18:55:55.113328','fightcade://challenge-4488-1573065231.28@sfiii3n',5.570783783098493,-5.570783783098493,1,13,1,13,NULL,1,3),(353,10,0,'2019-11-06 19:14:04.227669','fightcade://challenge-4488-1573065231.28@sfiii3n',6.659167055149663,-6.659167055149663,1,27,1,27,NULL,1,3),(354,10,3,'2019-11-07 01:24:45.363765','fightcade://challenge-2536-1573088016.70@sfiii3n',-3.867052328478524,3.867052328478524,9,7,1,7,NULL,9,3),(355,10,9,'2019-11-07 01:47:27.071315','fightcade://challenge-5365-1573088601.95@sfiii3n',-10.748045460725473,10.748045460725473,34,27,1,27,NULL,34,3),(356,10,5,'2019-11-07 02:21:38.779200','fightcade://challenge-6244-1573090995.39@sfiii3n',20.593615715815755,-20.593615715815755,34,13,1,13,NULL,34,3),(357,10,7,'2019-11-08 13:15:28.422351','fightcade://challenge-1088-1573177598.92@sfiii3n',-19.000220546276495,19.000220546276495,7,27,1,27,NULL,7,3),(358,10,0,'2019-11-09 04:56:44.756836','fightcade://challenge-8190-1573273955.43@sfiii3n',7.266392680442072,-7.266392680442072,1,27,1,27,NULL,1,3),(359,10,2,'2019-11-10 05:46:22.552190','fightcade://challenge-3502-1573362101.48@sfiii3n',35.030103939252854,-35.030103939252854,13,31,1,31,NULL,13,3),(360,10,2,'2019-11-12 00:04:18.577080','fightcade://challenge-1711-1573515308.30@sfiii3n',27.097306917214574,-27.097306917214574,8,13,1,13,NULL,8,3),(361,10,6,'2019-11-14 02:11:35.146978','replay:challenge-5221-1573688002.97@sfiii3n',-20.944940709838075,20.944940709838075,5,7,1,7,NULL,5,3),(362,10,0,'2019-11-14 02:48:47.641486','fightcade://challenge-4315-1573698480.23@sfiii3n',14.527603311477401,-14.527603311477401,1,22,1,22,NULL,1,3),(363,10,4,'2019-11-14 19:31:13.029114','fightcade://challenge-3828-1573758025.96@sfiii3n',-6.039183807033298,6.039183807033298,1,7,1,7,NULL,1,3),(364,10,8,'2019-11-14 23:10:18.334730','fightcade://challenge-4495-1573770280.90@sfiii3n',-24.08093554252326,24.08093554252326,1,8,1,8,NULL,1,3),(365,10,2,'2019-11-14 23:52:24.714170','fightcade://challenge-2238-1573774013.22@sfiii3n',19.93618995524858,-19.93618995524858,5,1,1,1,NULL,5,3),(366,10,1,'2019-11-15 20:57:16.353627','fightcade://challenge-6759-1573849958.53@sfiii3n',8.676321052790117,-8.676321052790117,1,29,1,29,NULL,1,3),(367,10,3,'2019-11-16 02:12:03.828760','fightcade://challenge-2484-1573868581.68@sfiii3n',3.421251117778211,-3.421251117778211,1,7,1,7,NULL,1,3),(368,10,0,'2019-11-17 00:14:02.215928','fightcade://challenge-6560-1573948381.10@sfiii3n',7.615979345025323,-7.615979345025323,1,27,1,27,NULL,1,3),(369,10,5,'2019-11-17 01:22:32.090221','fightcade://challenge-9080-1573951761.45@sfiii3n',-18.26337107082565,18.26337107082565,1,34,1,34,NULL,1,3),(370,10,7,'2019-11-17 02:38:45.068679','fightcade://challenge-2456-1573955749.87@sfiii3n',-6.717829908311562,6.717829908311562,5,1,1,1,NULL,5,3),(371,10,5,'2019-11-17 03:06:03.638618','fightcade://challenge-7808-1573958153.72@sfiii3n',29.38020351497603,-29.38020351497603,33,1,1,1,NULL,33,3),(372,10,0,'2019-11-17 17:18:21.697653','fightcade://challenge-9961-1574007551.28@sfiii3n',9.403016366080951,-9.403016366080951,9,13,1,13,NULL,9,3),(373,10,2,'2019-11-17 17:19:08.847974','fightcade://challenge-1777-1574008723.88@sfiii3n',17.390929914879145,-17.390929914879145,13,27,1,27,NULL,13,3),(375,2,0,'2019-11-18 02:53:34.387880',NULL,35.48937294061649,-33.48937294061649,27,31,2,31,3,27,3),(376,2,0,'2019-11-18 02:56:03.024684',NULL,25.047492167620256,-23.047492167620256,43,50,2,50,3,43,3),(377,2,0,'2019-11-18 02:56:14.064788',NULL,24.515227619749844,-22.515227619749844,46,39,2,39,3,46,3),(378,2,0,'2019-11-18 02:56:25.110783',NULL,33.996680971802576,-31.996680971802576,2,47,2,47,3,2,3),(379,2,0,'2019-11-18 02:56:45.737409',NULL,30.44648513883859,-28.44648513883859,41,49,2,49,3,41,3),(380,2,0,'2019-11-18 02:57:33.138407',NULL,33.27428026837272,-31.274280268372717,13,48,2,48,3,13,3),(381,2,0,'2019-11-18 02:57:44.800089',NULL,22.65727240091093,-20.65727240091093,45,29,2,29,3,45,3),(382,2,0,'2019-11-18 02:57:59.062769',NULL,4.615142448250973,-2.6151424482509733,5,27,2,27,3,5,3),(383,2,0,'2019-11-18 02:58:13.003721',NULL,25.009430852408467,-23.009430852408467,43,46,2,46,3,43,3),(384,2,0,'2019-11-18 02:58:26.538235',NULL,19.554450218726032,-17.554450218726032,24,28,2,28,3,24,3),(385,2,0,'2019-11-18 02:58:40.516081',NULL,19.055943498315756,-17.055943498315756,11,22,2,22,3,11,3),(386,2,1,'2019-11-18 02:59:00.068604',NULL,43.64035091500233,-41.64035091500233,2,10,2,10,3,2,3),(387,2,1,'2019-11-18 02:59:12.992712',NULL,23.299854947870127,-21.299854947870127,7,41,2,41,3,7,3),(388,2,0,'2019-11-18 02:59:25.270132',NULL,12.165096066373192,-10.165096066373192,1,13,2,13,3,1,3),(389,2,0,'2019-11-18 02:59:38.899596',NULL,28.617153306269508,-26.617153306269508,45,32,2,32,3,45,3),(390,2,1,'2019-11-18 02:59:50.316291',NULL,11.936475212670587,-9.936475212670587,5,43,2,43,3,5,3),(391,2,0,'2019-11-18 03:00:09.020894',NULL,27.390964144413086,-25.390964144413086,11,24,2,24,3,11,3),(392,2,0,'2019-11-18 03:00:27.023752',NULL,21.369858340365266,-19.369858340365266,7,2,2,2,3,7,3),(393,2,1,'2019-11-18 03:00:53.621027',NULL,17.295652901843393,-15.295652901843393,1,45,2,45,3,1,3),(394,2,0,'2019-11-18 03:01:20.261436',NULL,12.357067714241563,-10.357067714241563,5,11,2,11,3,5,3),(395,2,0,'2019-11-18 03:01:33.132093',NULL,17.922571128886926,-15.922571128886926,1,7,2,7,3,1,3),(396,3,0,'2019-11-18 03:01:46.176084',NULL,23.423072719815785,-20.423072719815785,5,1,2,1,3,5,3),(397,2,1,'2019-11-18 03:02:22.729328',NULL,29.446845465717583,-27.446845465717583,39,50,2,50,3,39,3),(398,2,0,'2019-11-18 03:02:37.706161',NULL,16.64609822164632,-14.64609822164632,32,31,2,31,3,32,3),(399,2,0,'2019-11-18 03:02:58.565670',NULL,29.74306512057565,-27.74306512057565,13,39,2,39,3,13,3),(400,2,0,'2019-11-18 03:03:17.456877',NULL,30.407212326151708,-28.407212326151708,22,47,2,47,3,22,3),(401,2,0,'2019-11-18 03:03:49.762399',NULL,29.802219429511656,-27.802219429511656,28,49,2,49,3,28,3),(402,2,0,'2019-11-18 03:04:01.366277',NULL,24.64825785636644,-22.64825785636644,46,48,2,48,3,46,3),(403,2,0,'2019-11-18 03:04:15.947329',NULL,34.622100506575244,-32.622100506575244,27,29,2,29,3,27,3),(404,2,1,'2019-11-18 03:04:31.552024',NULL,21.930777756280634,-19.930777756280634,32,13,2,13,3,32,3),(405,2,0,'2019-11-18 03:04:49.792690',NULL,13.472581912555452,-11.472581912555452,10,41,2,41,3,10,3),(406,2,1,'2019-11-18 03:05:09.580287',NULL,26.173874392806393,-24.173874392806393,28,22,2,22,3,28,3),(407,2,1,'2019-11-18 03:05:22.988791',NULL,14.952281089054674,-12.952281089054674,46,27,2,27,3,46,3),(408,2,0,'2019-11-18 03:05:38.976560',NULL,26.55017836519208,-24.55017836519208,32,24,2,24,3,32,3),(409,2,0,'2019-11-18 03:05:53.595848',NULL,18.850359929218182,-16.850359929218182,10,43,2,43,3,10,3),(410,2,0,'2019-11-18 03:06:07.441006',NULL,23.59920239121072,-21.59920239121072,45,28,2,28,3,45,3),(411,2,0,'2019-11-18 03:06:34.988411',NULL,32.84357533824435,-30.84357533824435,2,46,2,46,3,2,3),(412,2,1,'2019-11-18 03:06:48.202866',NULL,18.69072438997734,-16.69072438997734,10,32,2,32,3,10,3),(413,2,0,'2019-11-18 03:07:00.976035',NULL,22.14304420199223,-20.14304420199223,45,2,2,2,3,45,3),(414,2,1,'2019-11-18 03:07:20.424358',NULL,37.73959966183804,-35.73959966183804,7,10,2,10,3,7,3),(415,2,1,'2019-11-18 03:07:43.225760',NULL,27.441809427805172,-25.441809427805172,45,11,2,11,3,45,3),(416,3,2,'2019-11-18 03:08:00.396046',NULL,32.254907732144616,-29.25490773214462,45,7,2,7,3,45,3),(417,3,1,'2019-11-18 03:08:19.216168',NULL,27.28723304595958,-24.28723304595958,1,45,2,45,3,1,3),(418,3,1,'2019-11-18 03:08:29.081175',NULL,22.159157942334105,-19.159157942334105,5,1,2,1,3,5,3),(419,10,2,'2019-11-18 03:16:19.330632','fightcade://challenge-9512-1574038975.66@sfiii3n',22.547719420010722,-22.547719420010722,13,29,1,29,NULL,13,3),(420,10,2,'2019-11-18 18:29:00.461200','fightcade://challenge-4624-1574100125.66@sfiii3n',3.473868742702866,-3.473868742702866,1,15,1,15,NULL,1,3),(421,10,1,'2019-11-18 20:27:54.924995','fightcade://challenge-2671-1574101613.14@sfiii3n',0.4670298854706201,-0.4670298854706201,1,27,1,27,NULL,1,3),(422,10,2,'2019-11-19 14:41:40.865391','fightcade://challenge-2864-1574173018.61@sfiii3n',1.925065939370335,-1.925065939370335,1,13,1,13,NULL,1,3),(423,10,2,'2019-11-19 16:58:07.675860','fightcade://challenge-6197-1574180988.40@sfiii3n',6.996651417654617,-6.996651417654617,1,24,1,24,NULL,1,3),(424,10,4,'2019-11-19 23:59:59.472734','fightcade://challenge-1234-1574191165.67@sfiii3n',12.236265924604421,-12.236265924604421,24,13,1,13,NULL,24,3),(425,10,0,'2019-11-20 00:00:58.288249','fightcade://challenge-5723-1574188563.80@sfiii3n',18.353268390667353,-18.353268390667353,24,38,1,38,NULL,24,3),(426,10,0,'2019-11-20 00:02:03.432204','fightcade://challenge-3957-1574194334.69@sfiii3n',21.70801913122447,-21.70801913122447,24,31,1,31,NULL,24,3),(427,10,4,'2019-11-20 02:25:55.027874','fightcade://challenge-8445-1574214666.65@sfiii3n',-1.7002644238779496,1.7002644238779496,13,38,1,38,NULL,13,3),(428,10,8,'2019-11-20 04:19:51.000069','fightcade://challenge-6440-1574217993.98@sfiii3n',10.092766050782355,-10.092766050782355,34,13,1,13,NULL,34,3),(429,10,6,'2019-11-20 04:21:18.171425','fightcade://challenge-6249-1574220140.33@sfiii3n',-0.26711258885327105,0.26711258885327105,34,27,1,27,NULL,34,3),(430,10,2,'2019-11-20 18:53:53.737616','fightcade://challenge-6741-1574274440.98@sfiii3n',-0.6630829936750693,0.6630829936750693,1,13,1,13,NULL,1,3),(431,10,1,'2019-11-21 00:38:05.706352','fightcade://challenge-7231-1574294966.33@sfiii3n',4.473093010985191,-4.473093010985191,9,2,1,2,NULL,9,3),(432,1,10,'2019-11-21 01:22:43.314919','Fightcade://replay:challenge-4647-1574296646.77@sfiii3n',-6.335879775246436,6.335879775246436,8,8,1,9,NULL,9,3),(433,10,2,'2019-11-21 21:44:40.988100','fightcade://challenge-5417-1574371136.60@sfiii3n',-1.9268548159203058,1.9268548159203058,1,34,1,34,NULL,1,3),(434,10,1,'2019-11-21 22:16:34.158512','fightcade://challenge-8325-1574373084.87@sfiii3n',6.382245667629602,-6.382245667629602,1,13,1,13,NULL,1,3),(435,10,0,'2019-11-21 22:45:18.398094','fightcade://challenge-5635-1574374959.56@sfiii3n',8.065122003098171,-8.065122003098171,1,27,1,27,NULL,1,3),(436,10,2,'2019-11-21 23:16:54.048348','fightcade://challenge-7687-1574376573.46@sfiii3n',22.92251467146558,-22.92251467146558,9,1,1,1,NULL,9,3),(437,10,3,'2019-11-21 23:46:20.396315','fightcade://challenge-5810-1574378283.33@sfiii3n',6.246686897559983,-6.246686897559983,1,7,1,7,NULL,1,3),(438,0,10,'2019-11-22 02:09:54.603886','fightcade://challenge-6830-1574381947.32@sfiii3n',-10.187077557150518,10.187077557150518,38,38,1,3,NULL,3,3),(439,10,2,'2019-11-22 19:30:31.623105','fightcade://challenge-2714-1574448504.41@sfiii3n',7.5392984820947095,-7.5392984820947095,33,13,1,13,NULL,33,3),(441,10,1,'2019-11-23 05:32:11.998383','fightcade://challenge-4727-1574450910.26@sfiii3n',25.72972240648875,-25.72972240648875,13,38,1,38,NULL,13,3),(442,10,3,'2019-11-23 05:32:23.419579','fightcade://challenge-3632-1574463964.72@sfiii3n',1.5008175099227516,-1.5008175099227516,3,13,1,13,NULL,3,3),(443,10,2,'2019-11-23 05:32:30.808306','fightcade://challenge-9689-1574474956.69@sfiii3n',-6.911788517715264,6.911788517715264,1,27,1,27,NULL,1,3),(444,10,0,'2019-11-23 05:32:46.037352','fightcade://challenge-9996-1574478958.77@sfiii3n',13.931336688223478,-13.931336688223478,1,34,1,34,NULL,1,3),(445,10,1,'2019-11-24 01:57:59.765240','fightcade://challenge-9000-1574556296.96@sfiii3n',-1.485950361476821,1.485950361476821,5,13,1,13,NULL,5,3),(446,10,8,'2019-11-24 02:31:44.759178','fightcade://challenge-2458-1574560590.94@sfiii3n',19.04240220728447,-19.04240220728447,13,7,1,7,NULL,13,3),(447,10,0,'2019-11-24 02:53:38.820119','fightcade://challenge-2857-1574562543.46@sfiii3n',29.54726791267207,-29.54726791267207,16,13,1,13,NULL,16,3),(448,10,2,'2019-11-24 02:54:41.429106','fightcade://challenge-3147-1574562479.76@sfiii3n',8.013705922743267,-8.013705922743267,1,7,1,7,NULL,1,3),(449,10,1,'2019-11-24 03:53:30.520506','fightcade://challenge-3867-1574566396.15@sfiii3n',-3.3166660197726037,3.3166660197726037,1,38,1,38,NULL,1,3),(450,10,5,'2019-11-25 00:20:18.225278','fightcade://challenge-8635-1574639505.91@sfiii3n',-8.21705064494748,8.21705064494748,1,7,1,7,NULL,1,3),(451,10,2,'2019-11-25 00:47:32.434878','fightcade://challenge-1786-1574641076.19@sfiii3n',17.126451784937835,-17.126451784937835,1,16,1,16,NULL,1,3),(452,10,6,'2019-11-25 05:17:24.945654','fightcade://challenge-1997-1574644327.36@sfiii3n',3.240799950182228,-3.240799950182228,16,7,1,7,NULL,16,3),(453,10,1,'2019-11-26 00:14:40.064186','fightcade://challenge-6126-1574724280.30@sfiii3n',20.808927007578546,-20.808927007578546,24,13,1,13,NULL,24,3),(454,10,0,'2019-11-28 19:09:48.185247','fightcade://challenge-7782-1574963409.85@sfiii3n',4.805205343552645,-4.805205343552645,1,38,1,38,NULL,1,3),(455,10,4,'2019-11-28 19:11:54.653733','fightcade://challenge-4995-1574964897.12@sfiii3n',31.3087444757338,-31.3087444757338,8,24,1,24,NULL,8,3),(456,10,7,'2019-11-28 23:51:46.005179','replay:challenge-4111-1574982703.58@sfiii3n',-26.191489891961886,26.191489891961886,5,7,1,7,NULL,5,3),(457,10,6,'2019-11-29 01:57:03.420601','fightcade://challenge-4829-1574990679.25@sfiii3n',-10.265575132642962,10.265575132642962,1,7,1,7,NULL,1,3),(458,10,7,'2019-11-30 20:55:06.382735','replay:challenge-7531-1575145200.37@sfiii3n',1.09493112185713,-1.09493112185713,33,7,1,7,NULL,33,3),(459,10,0,'2019-12-01 03:36:21.267110','fightcade://challenge-5532-1575166625.32@sfiii3n',4.822389179882835,-4.822389179882835,1,38,1,38,NULL,1,3),(460,10,1,'2019-12-01 03:37:12.211175','fightcade://challenge-9146-1575169736.51@sfiii3n',11.968501125483197,-11.968501125483197,1,8,1,8,NULL,1,3),(461,10,0,'2019-12-02 02:59:08.604555','fightcade://challenge-3196-1575222494.87@sfiii3n',37.51198984914703,-37.51198984914703,13,29,1,29,NULL,13,3),(462,10,6,'2019-12-04 02:13:35.481035','fightcade://https://ranking.3rdstrike.cl/sf3admin/',5.544685520616677,-3.2919338030370504,10,16,1,16,NULL,10,3),(463,10,3,'2019-12-04 02:14:35.256347','fightcade://challenge-6623-1575418532.44@sfiii3n',3.547225111339163,-2.49760224745212,16,14,1,14,NULL,16,3),(464,10,2,'2019-12-04 21:53:23.506241','fightcade://challenge-2891-1575494896.11@sfiii3n',-0.052861625136747636,0.07831337123755944,1,13,1,13,NULL,1,3),(465,10,3,'2019-12-04 22:18:38.499632','fightcade://challenge-9753-1575496263.14@sfiii3n',-4.878889852227579,4.905653348292134,1,13,1,13,NULL,1,3),(466,10,0,'2019-12-05 04:38:05.596278','fightcade://challenge-4390-1575515197.94@sfiii3n',48.28884767487591,-45.28884767487591,13,46,1,46,NULL,13,3),(467,10,1,'2019-12-05 17:35:32.817006','fightcade://challenge-9466-1575565808.50@sfiii3n',21.68141574225919,-19.89573418811302,33,13,1,13,NULL,33,3),(468,10,6,'2019-12-05 18:28:30.968641','fightcade://challenge-6122-1575568218.38@sfiii3n',22.569774421990644,-19.569774421990644,13,24,1,24,NULL,13,3),(469,10,0,'2019-12-06 00:49:02.220474','fightcade://challenge-8081-1575572445.34@sfiii3n',19.069110802849472,-18.193573323944552,24,31,1,31,NULL,24,3),(470,10,1,'2019-12-06 03:13:46.724672','fightcade://challenge-3324-1575599919.53@sfiii3n',30.656868028771147,-28.112909409679556,24,13,1,13,NULL,24,3),(471,10,7,'2019-12-06 03:25:21.712505','replay:challenge-4245-1575600634.50@sfiii3n',-1.4188303084419385,3.323172291590879,7,8,1,8,NULL,7,3),(472,10,0,'2019-12-06 04:42:04.163643',NULL,9.861385996178749,-9.861385996178749,7,38,1,38,NULL,7,3),(473,10,1,'2019-12-06 12:08:28.432928','fightcade://challenge-7163-1575602063.70@sfiii3n',2.0500914103547263,-2.0500914103547263,24,38,1,38,NULL,24,3),(474,10,0,'2019-12-07 02:07:52.547657','fightcade://challenge-2742-1575683009.49@sfiii3n',13.542267489053442,-13.33749666705029,1,8,1,8,NULL,1,3),(475,10,7,'2019-12-07 18:09:18.304707','replay:challenge-6359-1575740112.58@sfiii3n',14.812005684131499,-11.812005684131499,7,16,1,16,NULL,7,3),(476,10,7,'2019-12-07 21:46:08.167578','fightcade://challenge-8831-1575753034.86@sfiii3n',-7.300175025328049,8.664495080094499,1,7,1,7,NULL,1,3),(477,2,1,'2019-12-10 02:38:02.826237',NULL,32.17825443719556,-28.17825443719556,48,44,2,44,4,48,3),(478,2,0,'2019-12-10 02:38:39.547851',NULL,19.847889443746844,-15.847889443746844,16,52,2,52,4,16,3),(479,2,1,'2019-12-10 02:38:57.152214',NULL,20.290456284591965,-16.290456284591965,24,53,2,53,4,24,3),(480,2,1,'2019-12-10 02:39:25.865021',NULL,38.29588846211453,-34.29588846211453,27,46,2,46,4,27,3),(481,2,0,'2019-12-10 02:39:43.952405',NULL,17.06056971862914,-13.06056971862914,3,55,2,55,4,3,3),(482,2,1,'2019-12-10 02:40:02.792570',NULL,19.38273028596202,-15.38273028596202,2,29,2,29,4,2,3),(483,2,0,'2019-12-10 02:40:41.080565',NULL,19.24037693793231,-15.240376937932309,7,54,2,54,4,7,3),(484,2,0,'2019-12-10 02:41:03.153218',NULL,22.30156332719814,-18.30156332719814,11,51,2,51,4,11,3),(485,2,0,'2019-12-10 02:41:29.080196',NULL,25.43440987964565,-21.43440987964565,8,34,2,34,4,8,3),(486,2,0,'2019-12-10 02:42:03.138711',NULL,12.262358148960459,-8.262358148960459,33,23,2,23,4,33,3),(487,2,0,'2019-12-10 02:42:16.260182',NULL,8.95614901542577,-4.956149015425771,5,48,2,48,4,5,3),(488,2,0,'2019-12-10 02:42:28.340898',NULL,28.524571419006037,-24.524571419006037,16,24,2,24,4,16,3),(489,2,0,'2019-12-10 02:42:51.189690',NULL,9.372689313700624,-5.372689313700624,30,27,2,27,4,30,3),(490,2,0,'2019-12-10 02:43:06.783051',NULL,17.167262723449355,-13.167262723449353,3,2,2,2,4,3,3),(491,2,0,'2019-12-10 02:43:44.972447',NULL,8.355050910425245,-4.355050910425246,9,14,2,14,4,9,3),(492,2,0,'2019-12-10 02:44:19.368908',NULL,12.572679732360267,-8.572679732360267,1,8,2,8,4,1,3),(493,2,0,'2019-12-10 02:44:34.300488',NULL,7.61044780772708,-3.6104478077270796,33,38,2,38,4,33,3),(494,2,1,'2019-12-10 02:44:48.633483',NULL,43.09790556437693,-39.09790556437693,16,5,2,5,4,16,3),(495,2,0,'2019-12-10 02:45:04.413636',NULL,24.52449216840117,-20.52449216840117,30,3,2,3,4,30,3),(496,2,0,'2019-12-10 02:45:46.581269',NULL,16.110081556750114,-12.110081556750114,9,7,2,7,4,9,3),(497,2,0,'2019-12-10 02:46:26.909413',NULL,35.67566219731373,-31.675662197313727,33,1,2,1,4,33,3),(498,2,0,'2019-12-10 02:47:02.916110',NULL,23.52162813711028,-19.52162813711028,30,16,2,16,4,30,3),(499,2,0,'2019-12-10 02:47:18.229313',NULL,19.88842318799147,-15.888423187991469,9,33,2,33,4,9,3),(500,3,0,'2019-12-10 02:47:42.310728',NULL,28.96485966702621,-23.96485966702621,9,30,2,30,4,9,3),(501,2,0,'2019-12-10 02:48:47.780139',NULL,38.784038742276685,-34.784038742276685,29,55,2,55,4,29,3),(502,2,1,'2019-12-10 02:49:03.509673',NULL,13.957662513757182,-9.957662513757182,44,38,2,38,4,44,3),(503,2,0,'2019-12-10 02:49:20.438825',NULL,27.24413970858376,-23.24413970858376,8,52,2,52,4,8,3),(504,2,0,'2019-12-10 02:49:42.126490',NULL,18.589099073719925,-14.589099073719925,11,46,2,46,4,11,3),(505,2,0,'2019-12-10 02:50:05.869546',NULL,27.323124457082034,-23.323124457082034,2,41,2,41,4,2,3),(506,2,0,'2019-12-10 02:50:24.704347',NULL,35.098197571275165,-31.098197571275165,27,51,2,51,4,27,3),(507,2,0,'2019-12-10 02:50:58.689259',NULL,42.07581782355861,-38.07581782355861,34,24,2,24,4,34,3),(508,2,1,'2019-12-10 02:51:13.537504',NULL,36.495899730699726,-32.495899730699726,23,48,2,48,4,23,3),(509,2,0,'2019-12-10 02:51:31.083068',NULL,27.091730322528253,-23.091730322528253,8,44,2,44,4,8,3),(510,2,0,'2019-12-10 02:51:49.845526',NULL,13.397362765529971,-9.397362765529971,11,29,2,29,4,11,3),(511,2,1,'2019-12-10 02:52:06.541454',NULL,21.80963006922703,-17.80963006922703,2,27,2,27,4,2,3),(512,2,1,'2019-12-10 02:52:23.877015',NULL,27.049556289340895,-23.049556289340895,34,23,2,23,4,34,3),(513,2,0,'2019-12-10 02:52:43.014494',NULL,19.97240283471646,-15.972402834716458,3,8,2,8,4,3,3),(514,2,0,'2019-12-10 02:52:57.693127',NULL,15.152806652298676,-11.152806652298676,1,2,2,2,4,1,3),(515,2,0,'2019-12-10 02:53:28.321095',NULL,39.81131106096213,-35.81131106096213,34,7,2,7,4,34,3),(516,2,0,'2019-12-10 02:53:47.512543',NULL,18.81733513250441,-14.817335132504411,5,3,2,3,4,5,3),(517,2,1,'2019-12-10 02:54:04.839460',NULL,13.252240715490052,-9.252240715490052,1,34,2,34,4,1,3),(518,2,0,'2019-12-10 02:54:18.814673',NULL,22.342318835775977,-18.342318835775977,1,16,2,16,4,1,3),(519,3,0,'2019-12-10 02:54:44.910403',NULL,40.20099804941932,-35.20099804941932,1,5,2,5,4,1,3),(520,3,0,'2019-12-10 02:55:12.098895',NULL,40.204035201542254,-35.204035201542254,30,1,2,1,4,30,3),(521,3,0,'2019-12-10 02:55:32.257719',NULL,27.918681527997975,-22.918681527997975,9,30,2,30,4,9,3),(522,10,1,'2019-12-10 13:43:01.059080','fightcade://challenge-3062-1575935477.83@sfiii3n',33.84528382631558,-31.04432225803648,13,56,1,56,NULL,13,3),(523,10,7,'2019-12-10 13:44:00.714374','fightcade://challenge-7451-1575937548.48@sfiii3n',14.991278220956731,-11.991278220956731,37,13,1,13,NULL,37,3),(524,10,0,'2019-12-10 15:50:28.724707','fightcade://challenge-9933-1575925096.19@sfiii3n',29.61813818064206,-27.720280676516396,24,48,1,48,NULL,24,3),(525,10,5,'2019-12-10 18:44:44.954143','fightcade://challenge-1524-1576000145.77@sfiii3n',24.851282594980127,-21.851282594980127,27,47,1,47,NULL,27,3),(526,10,3,'2019-12-10 19:56:41.073338','fightcade://challenge-1023-1576005818.12@sfiii3n',3.67121539586893,-2.6086044984082157,27,38,1,38,NULL,27,3),(527,10,1,'2019-12-10 20:42:44.995732','fightcade://challenge-3715-1576008069.55@sfiii3n',20.85215634558833,-19.14092066831172,24,54,1,54,NULL,24,3),(528,10,9,'2019-12-11 02:33:01.215763','fightcade://challenge-1790-1576019987.13@sfiii3n',19.714398295380903,-16.714398295380903,34,24,1,24,NULL,34,3),(529,10,6,'2019-12-11 02:34:01.947224','fightcade://challenge-9393-1576022492.53@sfiii3n',-11.997380571100209,12.546581050595353,24,29,1,29,NULL,24,3),(530,10,7,'2019-12-11 02:34:58.932816','fightcade://challenge-6147-1576024017.52@sfiii3n',-0.40230719045557106,2.3948957284166994,13,27,1,27,NULL,13,3),(531,10,1,'2019-12-11 02:46:49.382982','fightcade://challenge-1129-1576030718.23@sfiii3n',17.119781746412322,-15.757840747662204,7,47,1,47,NULL,7,3),(532,10,0,'2019-12-11 02:57:14.553066','fightcade://challenge-1275-1576026219.42@sfiii3n',25.587991542566485,-24.05428866901576,24,41,1,41,NULL,24,3),(534,10,0,'2019-12-11 19:42:08.056673','fightcade://challenge-5973-1576088608.82@sfiii3n',7.563674686843331,-7.563674686843331,1,47,1,47,NULL,1,3),(535,10,0,'2019-12-12 21:41:20.576851','fightcade://challenge-9477-1576184578.39@sfiii3n',19.85150377208401,-18.89091492891921,24,47,1,47,NULL,24,3),(536,10,6,'2019-12-13 01:22:05.424852','fightcade://challenge-6895-1576197795.64@sfiii3n',37.06350067552612,-34.06350067552612,38,22,1,22,NULL,38,3),(537,10,1,'2019-12-13 02:44:53.515023','fightcade://challenge-3277-1576203534.47@sfiii3n',-3.552100662489055,3.552100662489055,1,38,1,38,NULL,1,3),(538,10,3,'2019-12-13 23:04:49.029309','fightcade://challenge-8245-1576276527.23@sfiii3n',-4.4821603222907695,4.565323699306614,1,34,1,34,NULL,1,3),(540,10,6,'2019-12-15 03:12:57.567081','fightcade://challenge-4736-1576354481.27@sfiii3n',25.75140940554978,-22.75140940554978,27,13,1,13,NULL,27,3),(541,10,7,'2019-12-15 03:14:03.957314','fightcade://challenge-6649-1576359346.54@sfiii3n',2.6110843610361423,-0.36315074737585995,34,27,1,27,NULL,34,3),(542,10,4,'2019-12-15 03:15:45.843902','fightcade://challenge-1177-1576361910.41@sfiii3n',15.820730181054676,-13.29053748808004,34,66,1,66,NULL,34,3),(543,10,1,'2019-12-15 03:16:31.662346','fightcade://challenge-5656-1576376309.17@sfiii3n',-0.04555417623349989,0.04555417623349989,3,38,1,38,NULL,3,3),(544,10,6,'2019-12-16 03:51:51.126334','fightcade://challenge-9439-1576465395.57@sfiii3n',14.764705882352944,-11.764705882352944,75,73,1,73,NULL,75,5),(545,10,0,'2019-12-16 12:19:58.008962',NULL,44.69882705199855,-41.69882705199855,65,75,1,75,NULL,65,5),(546,10,8,'2019-12-17 01:03:45.149024','fightcade://challenge-9175-1576542203.79@sfiii3n',10.747295635882114,-7.747295635882114,16,3,1,3,NULL,16,3),(547,10,2,'2019-12-17 01:31:15.604037','fightcade://challenge-1279-1576544495.73@sfiii3n',2.582319141524688,-2.2005993131037282,9,3,1,3,NULL,9,3),(548,10,6,'2019-12-17 02:03:27.803720',NULL,43.90529170587772,-36.90529170587772,71,75,2,75,NULL,71,5),(549,10,6,'2019-12-17 03:51:00.942310',NULL,7.8530534354131305,-5.409753411295437,71,73,1,73,NULL,71,5),(550,10,4,'2019-12-17 05:37:15.911022',NULL,27.581872634907267,-24.581872634907267,70,71,1,71,NULL,70,5),(551,10,0,'2019-12-17 19:49:29.661294','fightcade://challenge-7511-1576609217.85@sfiii3n',8.288273878746448,-8.288273878746448,1,55,1,55,NULL,1,3),(552,10,2,'2019-12-17 20:41:21.420750',NULL,27.247662694365175,-24.523481420714248,70,76,1,76,NULL,70,5),(553,10,3,'2019-12-17 20:42:06.896820',NULL,17.29921089534058,-14.991433980067708,65,76,1,76,NULL,65,5),(554,10,8,'2019-12-17 20:42:38.922157',NULL,10.140976745052296,-7.1409767450522965,70,65,1,65,NULL,70,5),(555,10,5,'2019-12-17 20:43:34.397574',NULL,9.956275300456014,-7.605980421199261,70,67,1,67,NULL,70,5),(556,10,0,'2019-12-17 20:44:42.285805',NULL,35.09343452220048,-32.73182865095571,80,75,1,75,NULL,80,5),(557,10,4,'2019-12-17 20:45:18.613041',NULL,26.19647490464579,-23.19647490464579,76,72,1,72,NULL,76,5),(558,10,4,'2019-12-17 20:45:18.816528',NULL,20.430941911973218,-17.529722256058314,76,72,1,72,NULL,76,5),(559,10,0,'2019-12-17 22:50:30.984600','fightcade://challenge-4465-1576621663.84@sfiii3n',3.172693936543771,-3.172693936543771,1,38,1,38,NULL,1,3),(560,10,0,'2019-12-18 00:03:49.413271','fightcade://challenge-1828-1576626063.59@sfiii3n',10.952022154018195,-10.952022154018195,1,13,1,13,NULL,1,3),(561,10,0,'2019-12-18 01:08:54.164208','fightcade://challenge-1914-1576630074.89@sfiii3n',19.960973851866328,-18.988641099982424,3,66,1,66,NULL,3,3),(562,10,5,'2019-12-18 01:38:47.447726',NULL,20.307385626254714,-17.307385626254714,76,71,1,71,NULL,76,5),(563,10,1,'2019-12-18 01:39:11.420193',NULL,37.46924845315248,-34.46924845315248,78,71,1,71,NULL,78,5),(565,10,1,'2019-12-18 01:58:38.354566','fightcade://challenge-4534-1576632658.45@sfiii3n',36.482085955132966,-33.482085955132966,5,1,1,1,NULL,5,3),(566,10,4,'2019-12-18 02:07:37.954862',NULL,20.409520105336817,-17.51001371944742,78,76,1,76,NULL,78,5),(567,10,2,'2019-12-18 03:50:40.320477','fightcade://challenge-3362-1576632998.39@sfiii3n',19.778291799850372,-17.66794441090317,67,75,1,75,NULL,67,5),(568,10,1,'2019-12-18 03:51:52.340986','fightcade://challenge-4990--1576637023.69@sfiii3n',37.7341493810431,-34.7341493810431,81,67,1,67,NULL,81,5),(569,10,0,'2019-12-18 03:52:50.634950',NULL,29.159678786419953,-27.302070645793776,77,75,1,75,NULL,77,5),(570,10,6,'2019-12-18 03:54:46.710454','fightcade://challenge-2328-1576638055.22@sfiii3n',-0.215470975392694,1.9718030024974187,73,75,1,75,NULL,73,5),(571,10,7,'2019-12-18 04:31:21.815130',NULL,17.677653814466083,-14.677653814466085,72,76,1,76,NULL,72,5),(572,10,7,'2019-12-18 13:05:44.211504',NULL,29.918900531284894,-26.918900531284894,75,77,1,77,NULL,75,5),(573,10,0,'2019-12-18 13:06:17.864102',NULL,23.404934268032978,-22.08022748411181,78,75,1,75,NULL,78,5),(574,10,3,'2019-12-18 13:11:10.259122',NULL,25.06178842246763,-22.125357576985046,78,70,1,70,NULL,78,5),(575,10,5,'2019-12-18 13:11:57.561099','fightcade://challenge-6988-1576644263.98@sf3iii3n',10.276176621060024,-7.899519730600693,81,71,1,71,NULL,81,5),(576,10,1,'2019-12-18 15:09:37.233674','fightcade://challenge-3296-1576679839.42@sfiii3n',20.537205141611302,-18.854512946946357,74,75,1,75,NULL,74,5),(577,10,8,'2019-12-18 20:16:33.979063',NULL,6.435628242145524,-3.666113675607905,82,72,1,72,NULL,82,5),(578,10,7,'2019-12-18 20:16:58.006452',NULL,16.352810922750162,-13.352810922750162,71,82,1,82,NULL,71,5),(579,10,7,'2019-12-18 21:09:56.670798',NULL,10.566924688833101,-7.67260255524282,71,72,1,72,NULL,71,5),(580,10,8,'2019-12-18 22:12:15.578323','fightcade://challenge-7261-1576703305.46@sfiii3n',23.62575738059301,-20.62575738059301,38,47,1,47,NULL,38,3),(581,10,0,'2019-12-19 00:10:47.836815','fightcade://challenge-6226-1576710738.63@sfiii3n',17.330344999456255,-16.65147958569608,16,54,1,54,NULL,16,3),(582,10,0,'2019-12-19 00:12:47.851143','fightcade://challenge-9630-1576712196.39@sfiii3n',16.140399671764623,-15.603026162335043,16,27,1,27,NULL,16,3),(583,10,4,'2019-12-19 00:38:40.708396',NULL,17.96864067354864,-15.264835464401312,76,72,1,72,NULL,76,5),(584,10,1,'2019-12-19 00:39:57.256195',NULL,16.373217709622846,-15.084442695843476,74,75,1,75,NULL,74,5),(585,10,3,'2019-12-19 01:07:50.177260',NULL,28.37428806414475,-25.37428806414475,76,80,1,80,NULL,76,5),(586,10,4,'2019-12-19 02:20:20.939661','replay:challenge-8718-1576720108.60@sfiii3n',6.725366780660335,-4.965550740170741,7,13,1,13,NULL,7,3),(587,10,6,'2019-12-19 03:47:45.531053',NULL,14.165233596907541,-11.213144634864465,70,81,1,81,NULL,70,5),(588,11,9,'2019-12-19 17:52:33.423212',NULL,-14.307317814835336,15.281516224560043,74,75,1,75,NULL,74,5),(589,10,1,'2019-12-19 17:53:30.959140',NULL,33.961544112749415,-31.151264544844146,76,74,1,74,NULL,76,5),(590,10,3,'2019-12-19 17:55:11.004600',NULL,26.198862787874383,-23.198862787874383,74,71,1,71,NULL,74,5),(591,10,2,'2019-12-19 17:56:37.404328',NULL,5.559147525709109,-4.818396648812673,76,75,1,75,NULL,76,5),(592,10,1,'2019-12-19 18:45:21.636946','fightcade://challenge-2335-1576778729.41@sfiii3n',35.804109692288655,-32.84640577218623,27,54,1,54,NULL,27,3),(593,10,2,'2019-12-20 01:33:29.091123',NULL,33.99803355602913,-30.998033556029124,71,68,1,68,NULL,71,5),(594,10,8,'2019-12-20 01:34:09.231616',NULL,-3.3128923469097677,5.276315568042547,76,67,1,67,NULL,76,5),(595,10,8,'2019-12-20 14:37:03.100557','fightcade://fightcade://challenge-8128-1576810680.34@sfiii3n',14.71509924931836,-11.71509924931836,47,41,1,41,NULL,47,3),(596,10,9,'2019-12-20 14:37:44.980793','fightcade://challenge-1852-1576820455.99@sfiii3n',19.224473188210638,-16.224473188210638,47,21,1,21,NULL,47,3),(597,10,4,'2019-12-20 16:37:40.860753','fightcade://challenge-9663-1576781558.88@sfiii3n',11.310018920811636,-9.15254077910216,70,67,1,67,NULL,70,5),(598,10,2,'2019-12-20 16:38:57.439734',NULL,32.937370193663966,-29.937370193663966,67,82,1,82,NULL,67,5),(599,10,0,'2019-12-20 16:39:52.656536','https://replay.fightcade.com/fba/sfiii3nr1/1576786376698-1301',29.058482264801942,-27.209794616699774,70,82,1,82,NULL,70,5),(600,10,0,'2019-12-20 16:41:13.785398','fightcade://replay:challenge-6795-1576786807.41@sfiii3n',42.83982497229741,-39.8526257913384,67,71,1,71,NULL,67,5),(601,10,1,'2019-12-20 16:43:21.376749','fightcade://challenge-5870-1576800163.14@sfiii3n',23.115452579472528,-21.203262390407023,76,68,1,68,NULL,76,5),(602,10,1,'2019-12-20 16:44:10.051331','fightcade://challenge-2395-1576810621.49@sfiii3n',14.313705017638174,-13.233742997316043,81,75,1,75,NULL,81,5),(603,5,10,'2019-12-21 00:32:40.492581','Fightcade://challenge-8031-1576886159.61@sfiii3n',-8.974494636181237,11.447112394652141,27,27,1,37,NULL,37,3),(604,10,0,'2019-12-21 18:37:31.922787',NULL,43,-40,91,89,1,89,NULL,91,5),(605,10,8,'2019-12-21 18:39:39.508797',NULL,4.676485345562249,-2.0485489247908273,65,74,1,74,NULL,65,5),(606,10,0,'2019-12-21 18:43:21.958801',NULL,36.37078484058832,-33.90439860158335,74,89,1,89,NULL,74,5),(607,10,1,'2019-12-21 18:44:19.236513',NULL,16.227834824342594,-14.953455028976004,76,89,1,89,NULL,76,5),(608,10,0,'2019-12-21 18:47:50.924012',NULL,37.47775697609692,-34.921282447829725,80,71,1,71,NULL,80,5),(609,10,0,'2019-12-22 03:14:41.804514','fightcade://challenge-9003-1576983244.65@sfiii3n',15.125547937859126,-14.713917158597818,3,51,1,51,NULL,3,3),(610,0,10,'2019-12-22 03:52:31.622862','fightcade://challenge-6222-1576985434.72@sfiii3n',-11.918879851040195,11.918879851040195,47,47,1,3,NULL,3,3),(611,10,6,'2019-12-22 19:16:23.234079','challenge-7957-1576974159.15@sfiii3n',15.891646204812236,-12.891646204812236,70,76,1,76,NULL,70,5),(612,10,2,'2019-12-22 19:17:31.544342',NULL,17.997045029932334,-16.039390917296565,76,79,1,79,NULL,76,5),(613,10,5,'2019-12-22 19:18:12.115121',NULL,19.827686220240974,-16.827686220240974,78,76,1,76,NULL,78,5),(614,10,0,'2019-12-22 19:18:48.203552',NULL,26.062045488936732,-24.484171172802007,78,79,1,79,NULL,78,5),(615,10,3,'2019-12-22 19:19:44.213356',NULL,32.05747444632998,-29.057474446329973,81,76,1,76,NULL,81,5),(616,10,4,'2019-12-22 19:20:34.011227',NULL,13.127495077587415,-10.818163698857024,78,81,1,81,NULL,78,5),(617,10,0,'2019-12-22 19:21:27.804703',NULL,26.975080684422945,-25.31322047251871,80,89,1,89,NULL,80,5),(618,10,0,'2019-12-22 19:22:19.211246',NULL,49.44919107492673,-46.44919107492673,75,89,1,89,NULL,75,5),(619,10,0,'2019-12-22 19:22:57.987500',NULL,17.29274318432453,-16.61825789473898,80,89,1,89,NULL,80,5),(620,10,3,'2019-12-22 19:30:37.236543',NULL,28.055566878693778,-25.055566878693778,81,80,1,80,NULL,81,5),(621,10,4,'2019-12-22 20:38:36.738741',NULL,34.4221564091058,-31.422156409105803,71,91,1,91,NULL,71,5),(622,10,9,'2019-12-22 21:16:07.920583',NULL,14.304788563242315,-11.304788563242315,92,80,1,80,NULL,92,5),(623,10,7,'2019-12-22 21:55:43.745515',NULL,1.5787486456380986,0.5826493824352408,81,92,1,92,NULL,81,5),(624,10,2,'2019-12-23 01:53:28.775253','fightcade://challenge-3793-1577056743.94@sfiii3n',4.765456505596164,-4.116665886646151,16,21,1,21,NULL,16,3),(625,9,10,'2019-12-23 02:01:25.343510','fightcade://challenge-1388-1577063995.80@sfiii3n',-3.9409126275113104,6.935780359813913,16,16,1,3,NULL,3,3),(626,10,5,'2019-12-23 02:49:26.587292','fightcade://challenge-6449-1577065148.47@sfiii3n',12.503944951797155,-9.945346190907118,27,51,1,51,NULL,27,3),(627,10,3,'2019-12-23 02:50:22.167261','fightcade://challenge-5161-1577067368.10@sfiii3n',-5.40173029442764,5.40173029442764,5,36,1,36,NULL,5,3),(628,10,3,'2019-12-23 02:54:30.697044','fightcade://challenge-2221-1576885919.45@sfiii3n',22.811895004513858,-20.055630343559436,76,74,1,74,NULL,76,5),(629,10,7,'2019-12-23 02:55:41.261507',NULL,7.228914517110058,-4.602647567200897,90,71,1,71,NULL,90,5),(630,10,7,'2019-12-23 02:56:15.876033','fightcade://challenge-7008-1576962707.62@sfiii3n',3.570292705932369,-1.2427032984586805,76,74,1,74,NULL,76,5),(631,10,0,'2019-12-23 02:57:15.194163','fightcade://challenge-4157-1576969426.12@sfiii3n',25.264666887582038,-23.761324628343495,74,75,1,75,NULL,74,5),(632,10,3,'2019-12-23 02:58:11.568523','fightcade://challenge-1535-1576970832.62@sfiii3n',-0.9380626749250826,1.4832511353099687,76,75,1,75,NULL,76,5),(633,10,7,'2019-12-23 02:58:43.086068',NULL,5.7694930357014345,-3.2615417066353825,90,71,1,71,NULL,90,5),(634,0,0,'2019-12-23 02:59:28.732828','fightcade://challenge-7629-1577044697.60@sfiii3n',-31.11528415833609,32.615284158336095,81,81,1,90,NULL,90,5),(635,10,8,'2019-12-23 03:00:02.142486','fightcade://challenge-6054-1577049534.90@sfiii3n',-2.477703929674534,4.5130755843656445,74,79,1,79,NULL,74,5),(636,10,8,'2019-12-23 03:01:11.712586','fightcade://challenge-1586-1577056700.51@sfiii3n',-7.144465993304024,8.76645514689364,76,79,1,79,NULL,76,5),(637,11,4,'2019-12-23 03:05:12.994241',NULL,8.296708999745478,-6.515610634753886,76,79,1,79,NULL,76,5),(638,10,8,'2019-12-23 03:06:04.457361','fightcade://challenge-1586-1577056700.51@sfiii3n',-1.2260059507038386,3.3678597012944955,76,92,1,92,NULL,76,5),(639,10,3,'2019-12-23 03:06:38.072685','fightcade://challenge-3034-1577063521.87@sfiii3n',7.941337934080821,-6.4550272364061545,76,72,1,72,NULL,76,5),(640,10,8,'2019-12-23 03:08:07.766365','fightcade://challenge-2144-1577065929.35@sfiii3n',-5.954801029021688,7.685037521259268,81,72,1,72,NULL,81,5),(641,10,5,'2019-12-23 03:14:48.688086','fightcade://challenge-6449-1577065148.47@sfiii3n',9.760228050406683,-7.426122200943688,27,51,1,51,NULL,27,3),(642,10,8,'2019-12-23 04:04:50.294380',NULL,-2.7353270854099496,4.748586390780778,81,79,1,79,NULL,81,5),(643,14,0,'2019-12-23 04:14:26.250229','fightcade://challenge-7629-1577044697.60@sfiii3n',43.84355068070859,-40.748734176899596,81,90,1,90,NULL,81,5),(644,11,11,'2019-12-23 04:17:53.260468',NULL,3.989472720660099,-1.4904972388317796,71,71,1,90,NULL,90,5),(645,10,5,'2019-12-23 21:15:09.529065',NULL,12.55526946917875,-9.992508403198332,67,90,1,90,NULL,67,5),(646,10,0,'2019-12-23 21:16:05.063679',NULL,12.201299996914885,-12.183545552942263,70,89,1,89,NULL,70,5),(647,10,1,'2019-12-23 21:17:12.533797',NULL,9.243222624046055,-8.733979541968449,67,89,1,89,NULL,67,5),(648,10,1,'2019-12-23 21:18:04.708416',NULL,17.835142284876962,-16.404222550930907,71,89,1,89,NULL,71,5),(649,10,0,'2019-12-23 21:19:00.516850',NULL,14.11690581376817,-13.835436203881164,65,89,1,89,NULL,65,5),(650,10,7,'2019-12-23 21:19:39.936188',NULL,12.791228777579256,-9.791228777579256,79,71,1,71,NULL,79,5),(651,10,5,'2019-12-24 02:50:28.536582','fightcade://challenge-5000-1577153409.44@sfiii3n',16.708350602457106,-13.811603774045249,27,21,1,21,NULL,27,3),(652,10,6,'2019-12-24 22:40:49.882884',NULL,26.45756113467395,-23.45756113467395,71,65,1,65,NULL,71,5),(653,2,10,'2019-12-25 16:23:02.471999','fightcade://challenge-2465-1577289129.25@sfiii3n',-7.211727759731843,8.24713161392062,8,8,1,3,NULL,3,3),(654,10,6,'2019-12-25 18:28:58.164265',NULL,12.1468238948389,-9.35627122302681,67,65,1,65,NULL,67,5),(655,10,8,'2019-12-25 18:30:45.728697',NULL,10.084465140010199,-7.084465140010199,91,92,1,92,NULL,91,5),(656,10,9,'2019-12-25 18:34:11.947593',NULL,4.759838410456203,-1.939012204728705,92,71,1,71,NULL,92,5),(657,10,3,'2019-12-25 18:35:14.382806',NULL,9.179329618097814,-7.577383424444726,70,90,1,90,NULL,70,5),(658,10,5,'2019-12-25 18:35:48.234976',NULL,7.022599927533563,-4.917630612925343,70,80,1,80,NULL,70,5),(659,10,1,'2019-12-25 18:36:34.220970',NULL,11.320368635282792,-10.565905534848232,67,75,1,75,NULL,67,5),(660,10,3,'2019-12-25 18:37:31.968129',NULL,10.5032746794842,-8.780544212900558,70,91,1,91,NULL,70,5),(661,10,3,'2019-12-25 18:40:44.715750',NULL,8.730937555661797,-7.170556214007862,70,92,1,92,NULL,70,5),(662,10,2,'2019-12-25 18:42:26.155138',NULL,12.460957135814558,-11.004575386586657,78,92,1,92,NULL,78,5),(663,10,8,'2019-12-25 18:44:35.899517',NULL,7.82091579928839,-4.940425507778894,92,90,1,90,NULL,92,5),(664,10,3,'2019-12-25 18:46:47.140683',NULL,17.426813183361702,-15.10846820382616,78,76,1,76,NULL,78,5),(665,10,9,'2019-12-25 18:48:34.063943',NULL,-2.4039587577842965,4.641364397914645,70,67,1,67,NULL,70,5),(666,10,2,'2019-12-25 18:50:12.902903',NULL,11.155600217953037,-9.825177121192619,91,75,1,75,NULL,91,5),(667,10,3,'2019-12-25 18:50:40.411716',NULL,7.620323331369045,-6.164462014879195,78,65,1,65,NULL,78,5),(668,10,3,'2019-12-25 18:51:56.241101',NULL,37.44576264585189,-34.44576264585189,67,78,1,78,NULL,67,5),(669,10,6,'2019-12-25 18:53:21.936356',NULL,14.7687635858164,-11.7687635858164,78,70,1,70,NULL,78,5),(670,10,0,'2019-12-25 18:54:42.258076',NULL,8.81588487303433,-8.81588487303433,67,89,1,89,NULL,67,5),(671,10,0,'2019-12-25 21:04:54.415124',NULL,15.334260756097517,-14.896361052030613,76,75,1,75,NULL,76,5),(672,10,0,'2019-12-25 22:10:15.825443','fightcade://challenge-4426-1577309609.32@sfiii3n',11.163081928781304,-11.163081928781304,1,93,1,93,NULL,1,3),(676,10,7,'2019-12-26 03:49:52.993606','fightcade://challenge-6611-1577329931.85@sfiii3n',-9.812403031706394,10.92536365368491,1,7,1,7,NULL,1,3),(677,2,0,'2019-12-26 14:41:04.205262',NULL,29,-25,95,97,2,97,NULL,95,8),(678,2,1,'2019-12-26 14:41:27.203436',NULL,29,-25,98,105,2,105,NULL,98,8),(679,0,2,'2019-12-26 14:42:05.725973',NULL,-25,29,106,106,2,99,NULL,99,8),(680,0,2,'2019-12-26 14:42:29.835035',NULL,-25,29,102,102,2,101,NULL,101,8),(681,1,0,'2019-12-26 14:42:47.504210',NULL,29,-25,103,104,2,104,NULL,103,8),(682,2,1,'2019-12-26 14:43:16.271054',NULL,29,-25,105,106,2,106,NULL,105,8),(683,0,2,'2019-12-26 14:43:59.393286',NULL,-22.918114864261828,26.918114864261828,100,100,2,95,NULL,95,8),(684,2,1,'2019-12-26 14:44:26.859220',NULL,29,-25,98,99,2,99,NULL,98,8),(685,2,0,'2019-12-26 14:44:45.324753',NULL,31.08188513573817,-27.08188513573817,96,101,2,101,NULL,96,8),(686,2,0,'2019-12-26 14:45:06.628462',NULL,31.08188513573817,-27.08188513573817,94,103,2,103,NULL,94,8),(687,0,2,'2019-12-26 14:45:38.800382',NULL,-26.933047827570398,30.933047827570398,103,103,2,97,NULL,97,8),(688,2,0,'2019-12-26 14:46:03.987872',NULL,29.149801884549007,-25.149801884549007,101,105,2,105,NULL,101,8),(689,2,1,'2019-12-26 14:46:21.084741',NULL,26.91811486426183,-22.91811486426183,99,102,2,102,NULL,99,8),(690,1,0,'2019-12-26 14:46:39.477159',NULL,28.85019811545099,-24.85019811545099,100,104,2,104,NULL,100,8),(691,2,0,'2019-12-26 14:47:05.739330',NULL,29.149801884549017,-25.149801884549017,95,98,2,98,NULL,95,8),(692,0,2,'2019-12-26 14:47:26.612140',NULL,-25,29,96,96,2,94,NULL,94,8),(693,2,0,'2019-12-26 14:47:54.447277',NULL,30.80545060261965,-26.80545060261965,97,101,2,101,NULL,97,8),(694,2,0,'2019-12-26 14:48:08.199876',NULL,27.20520357570437,-23.20520357570437,99,100,2,100,NULL,99,8),(695,2,1,'2019-12-26 14:48:37.017418',NULL,27.20520357570437,-23.20520357570437,95,94,2,94,NULL,95,8),(696,0,2,'2019-12-26 14:48:57.369238',NULL,-24.720225982105383,28.720225982105383,98,98,2,97,NULL,97,8),(697,2,1,'2019-12-26 14:49:18.936041',NULL,32.71692569762997,-28.716925697629968,96,99,2,99,NULL,96,8),(698,0,2,'2019-12-26 14:49:41.586953',NULL,-26.91457877204797,30.91457877204797,97,97,2,96,NULL,96,8),(699,2,0,'2019-12-26 14:49:56.099785',NULL,31.35578095090345,-27.35578095090345,94,96,2,96,NULL,94,8),(700,3,1,'2019-12-26 14:50:14.768724',NULL,31.217461395402907,-26.217461395402907,95,94,2,94,NULL,95,8),(701,10,8,'2019-12-26 22:56:11.644632','challenge-5130-1577398041.74@sfa3',8.88149720760842,-5.9162057623612885,94,97,1,97,NULL,94,8),(702,10,3,'2019-12-26 23:32:40.731214','challenge-8672-1577401660.14@sfa3',52.33692982766088,-45.33692982766088,107,94,2,94,NULL,107,8),(703,10,1,'2019-12-27 03:13:32.906902',NULL,35.11048596721831,-32.20823642677182,71,79,1,79,NULL,71,5),(704,10,5,'2019-12-27 03:52:46.152096','fightcade://challenge-4466-1577413319.64@sfiii3n',10.32656127475673,-7.945758353818944,5,1,1,1,NULL,5,3),(705,10,3,'2019-12-27 18:42:09.778251',NULL,-6.899032799515128,6.899032799515128,70,75,1,75,NULL,70,5),(706,10,9,'2019-12-27 18:42:53.041038',NULL,2.5567251300812717,0.08703624176611413,67,76,1,76,NULL,67,5),(707,10,5,'2019-12-27 18:43:28.584542',NULL,-1.332116692402777,2.6825203683266885,67,90,1,90,NULL,67,5),(708,10,3,'2019-12-27 18:44:25.738326',NULL,8.434161191082953,-6.901485560386309,67,69,1,69,NULL,67,5),(709,10,5,'2019-12-27 18:44:55.173364',NULL,24.880462992867095,-21.880462992867095,69,74,1,74,NULL,69,5),(710,10,0,'2019-12-27 18:45:48.719480',NULL,28.107040270713796,-26.342895196745495,67,74,1,74,NULL,67,5),(711,10,9,'2019-12-27 18:46:30.073286',NULL,-5.2962166806115265,7.288372273180332,81,74,1,74,NULL,81,5),(712,10,3,'2019-12-27 18:46:57.365406',NULL,15.679147420912553,-13.506621990427856,81,69,1,69,NULL,81,5),(713,10,0,'2019-12-27 18:53:48.784889',NULL,16.70755410276118,-16.101985792585367,69,89,1,89,NULL,69,5),(714,10,1,'2019-12-27 18:54:20.812561',NULL,10.699070830740014,-10.016087847181385,67,79,1,79,NULL,67,5),(728,10,2,'2019-12-28 02:32:33.903995','fightcade://challenge-3000-1577487401.65@sfiii3n',25.602914336236825,-23.011367051589993,27,21,1,21,NULL,27,3),(729,10,1,'2019-12-28 02:33:52.892178','fightcade://challenge-6700-1577486734.52@sfiii3n',35.307346789696766,-32.38935493797564,15,13,1,13,NULL,15,3),(730,10,0,'2019-12-28 02:34:54.350040','fightcade://challenge-1498-1577493084.92@sfiii3n',7.629476268419957,-7.629476268419957,1,51,1,51,NULL,1,3),(731,10,0,'2019-12-28 14:26:12.917936','fightcade://challenge-1466-1577541758.21@sfiii3n',9.573122782979642,-9.573122782979642,1,13,1,13,NULL,1,3),(732,10,6,'2019-12-28 16:07:26.333875','Fightcade://challenge-8500-1577544297.33@sfiii3n',24.238157342122406,-21.238157342122406,13,27,1,27,NULL,13,3),(733,10,6,'2019-12-28 20:55:29.938946',NULL,24.32987655135054,-21.32987655135054,79,91,1,91,NULL,79,5),(734,10,4,'2019-12-28 20:57:08.744339',NULL,4.559360271858347,-2.9972199516066844,67,80,1,80,NULL,67,5),(735,10,4,'2019-12-29 17:42:03.801896','replay:challenge-6200-1577639650.43@sfiii3n',2.3962360690143845,-1.0398260440582785,7,13,1,13,NULL,7,3),(737,10,3,'2019-12-29 18:59:37.695506',NULL,9.592653864114993,-7.952696777413326,78,80,1,80,NULL,78,5),(738,10,2,'2019-12-29 18:59:58.115953',NULL,9.07498044865113,-7.953362449157515,78,91,1,91,NULL,78,5),(739,10,8,'2019-12-29 19:01:31.534055',NULL,29.590458453304784,-26.590458453304784,108,78,1,78,NULL,108,5),(740,10,2,'2019-12-29 19:01:58.831020',NULL,43.19793407612376,-40.19793407612376,108,70,1,70,NULL,108,5),(741,10,0,'2019-12-29 19:02:24.038904',NULL,37.84593368746533,-35.2596217012819,108,80,1,80,NULL,108,5),(742,10,5,'2019-12-29 19:03:11.788969',NULL,19.978917913241514,-16.978917913241514,80,69,1,69,NULL,80,5),(743,10,0,'2019-12-29 19:03:57.079070','fightcade://challenge-7412-1577579653.38@sfiii3n',20.826040947914155,-19.762178684469205,80,75,1,75,NULL,80,5),(744,10,5,'2019-12-29 19:04:30.950971','fightcade://challenge-5691-1577585806.67@sfiii3n',13.223435363628502,-10.606588025422585,69,79,1,79,NULL,69,5),(745,10,3,'2019-12-29 19:04:51.260414',NULL,10.897409779979634,-9.13924538333669,76,90,1,90,NULL,76,5),(746,10,5,'2019-12-29 19:05:07.288315',NULL,17.441597678196032,-14.48622597713821,76,81,1,81,NULL,76,5),(747,10,9,'2019-12-29 20:36:52.983325','fightcade://challenge-4363-1577649091.77@sfiii3n',-0.8033965956571656,3.1735023108231886,5,1,1,1,NULL,5,3),(749,10,4,'2019-12-29 21:40:28.857750','fightcade://challenge-2439-1577654650.73@sfiii3n',8.546509776410346,-6.625793644713109,7,2,1,2,NULL,7,3),(750,10,3,'2019-12-30 13:27:36.456993','fightcade://challenge-5499-1577637676.37@sfiii3n',18.92671610444232,-16.484952245631234,8,13,1,13,NULL,8,3),(751,10,5,'2019-12-30 23:28:58.019200','fightcade://challenge-7504-1577746296.54@sfiii3n',6.063397488461758,-4.040300498171039,1,16,1,16,NULL,1,3),(752,10,3,'2019-12-31 00:53:17.384783','fightcade://challenge-6453-1577751479.53@sfiii3n',-3.421255642764327,3.6501715933769585,1,8,1,8,NULL,1,3),(753,10,5,'2019-12-31 02:02:24.939582','fightcade://challenge-4923-1577756049.21@sfiii3n',-2.058478638860847,3.3375195376065125,1,7,1,7,NULL,1,3),(754,10,0,'2019-12-31 02:47:40.227035','fightcade://challenge-8829-1577757486.95@sfiii3n',24.102713252312245,-22.71014456277241,5,16,1,16,NULL,5,3),(755,10,5,'2019-12-31 02:48:07.152195','fightcade://challenge-6215-1577758618.25@sfiii3n',7.847662403798205,-5.672978200022136,5,1,1,1,NULL,5,3),(759,10,6,'2019-12-31 20:05:13.913918','fightcade://challenge-7352-1577748850.21@sfiii3n',-2.2531293952613782,3.8235884970111123,16,8,1,8,NULL,16,3),(760,10,7,'2019-12-31 20:05:57.851547','fightcade://challenge-5911-1577758769.81@sfiii3n',5.3169942939920976,-2.8459280099751894,16,45,1,45,NULL,16,3),(761,10,1,'2019-12-31 20:08:52.765824','fightcade://challenge-6194-1577820896.84@sfiii3n',37.80166642845327,-34.80166642845327,19,2,1,2,NULL,19,3),(763,10,1,'2019-12-31 23:09:38.863421','fightcade://challenge-9473-1577760779.20@sfiii3n',8.486984523004914,-8.07180384667193,1,8,1,8,NULL,1,3),(764,10,1,'2019-12-31 23:10:03.214048','fightcade://challenge-7762-1577762230.98@sfiii3n',14.911405006312073,-13.76971345196444,1,45,1,45,NULL,1,3),(765,10,3,'2020-01-02 04:04:45.478083',NULL,20.12507611351616,-17.585632467179934,71,73,1,73,NULL,71,5),(766,10,6,'2020-01-03 00:49:09.638922',NULL,3.4736470874457988,-1.3953484509296032,70,69,1,69,NULL,70,5),(767,10,7,'2020-01-03 02:16:13.124166','replay:challenge-7650-1578017051.20@sfiii3n',-0.409136768258366,2.401136359135849,7,34,1,34,NULL,7,3),(769,10,4,'2020-01-03 20:12:05.157823','fightcade://challenge-8134-1578017801.77@sfiii3n',-12.179160103991693,12.179160103991693,5,34,1,34,NULL,5,3),(770,10,0,'2020-01-05 16:53:18.421414','fightcade://challenge-3649-1578241666.33@sfiii3n',8.046025036054747,-8.046025036054747,1,13,1,13,NULL,1,3),(771,10,3,'2020-01-06 17:40:52.773808',NULL,24.46253537061333,-21.57402391664575,70,81,1,81,NULL,70,5),(772,10,0,'2020-01-06 23:45:46.457673','fightcade://challenge-9561-1578352969.84@sfiii3n',10.27157510101464,-10.27157510101464,1,27,1,27,NULL,1,3),(773,10,3,'2020-01-07 01:34:40.903658','fightcade://challenge-9273-1578360187.72@sfiii3n',-4.288024911605072,4.398398232960528,1,34,1,34,NULL,1,3),(774,10,2,'2020-01-07 02:06:28.901601','Fightcade://challenge-6425-1578360874.14@sfiii3n',15.467880541848952,-13.733487680100476,16,34,1,34,NULL,16,3),(775,10,5,'2020-01-07 20:15:37.129310','fightcade://challenge-3155-1577656608.59@sfiii3n',1.1588857235862275,0.4279632225462393,76,91,1,91,NULL,76,5),(776,10,0,'2020-01-07 20:15:58.975901','fightcade://challenge-1661-1577660552.80@sfiii3n',10.470078174177493,-10.470078174177493,76,75,1,75,NULL,76,5),(777,10,0,'2020-01-07 20:16:21.263353',NULL,38.95678267975854,-36.28076697925205,91,73,1,73,NULL,91,5),(778,10,0,'2020-01-07 20:17:06.213430',NULL,14.274077974138388,-13.971961966240425,67,73,1,73,NULL,67,5),(779,10,5,'2020-01-07 20:17:32.449579',NULL,28.60356590938833,-25.60356590938833,108,67,1,67,NULL,108,5),(780,10,2,'2020-01-07 20:17:54.893600',NULL,9.904493881531613,-8.69834736341395,67,92,1,92,NULL,67,5),(781,10,2,'2020-01-07 20:18:51.191926','fightcade://challenge-3058-1577812205.66@sfiii3n',4.761512721934481,-4.113185371502626,76,73,1,73,NULL,76,5),(782,10,9,'2020-01-07 20:19:14.054335',NULL,11.858137996625594,-8.858137996625594,76,67,1,67,NULL,76,5),(783,10,5,'2020-01-07 20:19:33.015611',NULL,0.9270057780625445,0.6383264642825104,67,80,1,80,NULL,67,5),(784,10,1,'2020-01-07 20:20:03.833091','fightcade://challenge-4850-1578021336.86@sfiii3n',27.829720855326272,-25.517443774756828,80,90,1,90,NULL,80,5),(785,10,0,'2020-01-07 20:20:27.147483',NULL,18.754926636047646,-17.914116519322096,69,75,1,75,NULL,69,5),(786,10,3,'2020-01-07 20:20:44.749570',NULL,13.417692164576078,-11.437899959448332,78,80,1,80,NULL,78,5),(787,10,0,'2020-01-07 20:20:57.298033',NULL,27.851625076493892,-26.110391641794102,80,82,1,82,NULL,80,5),(788,10,0,'2020-01-07 20:21:17.773500','fightcade://challenge-4895-1578078352.77@sfiii3n',27.564630797648324,-25.84925629014112,73,75,1,75,NULL,73,5),(789,10,3,'2020-01-07 20:21:58.353667',NULL,14.757067522577788,-12.662518003654926,80,92,1,92,NULL,80,5),(790,10,6,'2020-01-07 20:22:16.676612',NULL,-0.45901852337044957,2.1934746331139365,91,82,1,82,NULL,91,5),(791,10,1,'2020-01-07 20:22:27.804719',NULL,7.0876546397864955,-6.8543540912860035,78,82,1,82,NULL,78,5),(792,10,1,'2020-01-07 20:22:44.431736',NULL,17.528092415154937,-16.126649454360642,78,91,1,91,NULL,78,5),(793,10,1,'2020-01-07 20:23:10.136122','fightcade://challenge-5035-1578094468.49@sfiii3n',43.41188033252725,-40.41188033252725,80,76,1,76,NULL,80,5),(794,10,2,'2020-01-07 20:23:49.190830',NULL,27.677585683453685,-24.918870528281634,78,67,1,67,NULL,78,5),(795,10,2,'2020-01-07 20:25:22.216231',NULL,5.976394724562337,-5.188275039297734,78,109,1,109,NULL,78,5),(796,10,3,'2020-01-07 20:25:41.913261',NULL,8.123339275284051,-6.619852933467127,67,109,1,109,NULL,67,5),(797,10,3,'2020-01-07 20:25:57.365175',NULL,9.25913058530203,-7.649823300853393,108,109,1,109,NULL,108,5),(798,10,2,'2020-01-07 20:26:33.331218',NULL,17.61860781338137,-15.693842562101157,108,71,1,71,NULL,108,5),(799,10,0,'2020-01-07 20:27:10.806415','fightcade://challenge-1825-1578245497.33@sfiii3n',19.328008122320384,-18.424105404582576,80,73,1,73,NULL,80,5),(800,10,7,'2020-01-07 20:27:40.124663',NULL,-8.46329712413625,9.713137211778538,76,90,1,90,NULL,76,5),(801,10,1,'2020-01-07 20:28:01.532419',NULL,17.26423913540462,-15.888282226507178,76,79,1,79,NULL,76,5),(802,10,1,'2020-01-07 20:28:18.866317',NULL,35.4050645602972,-32.47925972770034,75,89,1,89,NULL,75,5),(803,10,4,'2020-01-07 20:28:41.407868','fightcade://challenge-4036-1578334640.95@sfiii3n',-1.4268758029335005,2.393364728928491,73,89,1,89,NULL,73,5),(804,10,3,'2020-01-07 20:29:01.587047','fightcade://challenge-7348-1578342382.78@sfiii3n',0.563003979316547,0.15929567175607673,80,79,1,79,NULL,80,5),(805,10,4,'2020-01-07 20:29:40.623704',NULL,20.889818988954886,-17.951908687194127,108,80,1,80,NULL,108,5),(806,10,9,'2020-01-08 04:44:14.581813',NULL,18.673902589806737,-15.673902589806739,71,70,1,70,NULL,71,5),(807,10,2,'2020-01-08 22:42:17.676074','fightcade://challenge-7443-1578433219.40@sfiii3n',27.72940110775528,-24.966526918294463,27,110,1,110,NULL,27,3),(808,10,4,'2020-01-08 22:44:39.476955',NULL,2.1123623932970745,-0.7836621406439015,10,8,1,8,NULL,10,3),(809,10,1,'2020-01-08 22:45:44.442573','fightcade://challenge-4904-1578457004.96@sfiii3n',-3.6028001923344277,3.6028001923344277,1,38,1,38,NULL,1,3),(810,10,1,'2020-01-08 22:47:00.801804','fightcade://challenge-1435-1578518669.22@sfiii3n',-0.6232032806665,0.6232032806665,1,41,1,41,NULL,1,3),(811,10,0,'2020-01-09 02:50:31.291877','fightcade://challenge-1763-1578536025.22@sfiii3n',30.374095433437613,-28.410431678638666,34,110,1,110,NULL,34,3),(812,10,0,'2020-01-09 02:51:17.680138','fightcade://challenge-4589-1578536788.79@sfiii3n',7.171067032876106,-7.171067032876106,1,21,1,21,NULL,1,3),(813,10,4,'2020-01-09 04:06:21.533257','fightcade://challenge-3611-1578540637.54@sfiii3n',-9.70310908250088,9.70310908250088,1,8,1,8,NULL,1,3),(814,10,3,'2020-01-09 05:03:28.520410','fightcade://challenge-4884-1578544310.17@sfiii3n',-7.869420050247156,7.869420050247156,1,2,1,2,NULL,1,3),(815,10,2,'2020-01-10 00:44:54.320633','Fightcade://challenge-5653-1578614788.64@sfiii3n',-2.4810750873113907,2.4810750873113907,5,8,1,8,NULL,5,3),(816,10,9,'2020-01-11 02:16:28.229261',NULL,12.878767235652038,-9.878767235652038,109,71,1,71,NULL,109,5),(817,10,3,'2020-01-11 02:24:26.843282',NULL,22.27625401955324,-19.563026780810382,71,111,1,111,NULL,71,5),(818,10,1,'2020-01-11 21:07:12.699856','fightcade://challenge-9761-1578775344.17@sfiii3n',5.026811657757833,-5.026811657757833,1,27,1,27,NULL,1,3),(819,10,1,'2020-01-11 23:15:23.128915','fightcade://challenge-5467-1578782879.53@sfiii3n',6.6212834494762145,-6.451088699714926,1,8,1,8,NULL,1,3),(820,10,2,'2020-01-12 01:18:10.846451',NULL,23.267634954927487,-20.866384927055144,108,76,1,76,NULL,108,5),(821,10,0,'2020-01-12 01:20:14.648097',NULL,17.371565234991124,-16.687904733350294,108,92,1,92,NULL,108,5),(822,10,8,'2020-01-12 01:20:30.114962',NULL,2.0037952588963672,0.40670381832346614,91,90,1,90,NULL,91,5),(823,10,5,'2020-01-12 01:20:56.106581',NULL,-6.041419376662766,6.904778317652447,108,91,1,91,NULL,108,5),(824,10,1,'2020-01-12 01:21:09.633573',NULL,18.660738964536286,-17.15149028240912,108,81,1,81,NULL,108,5),(825,10,4,'2020-01-12 01:21:24.321353',NULL,9.236190457827375,-7.255622939560036,81,90,1,90,NULL,81,5),(826,10,3,'2020-01-12 01:21:51.954495',NULL,-2.6714725474542194,2.999312241850358,67,82,1,82,NULL,67,5),(827,10,5,'2020-01-12 01:22:03.411816',NULL,17.23910422964144,-14.299918726527565,69,91,1,91,NULL,69,5),(828,10,2,'2020-01-12 01:22:25.233480','fightcade://challenge-8815-1578536085.46@sfiii3n',14.685261921248323,-13.021771289978767,69,73,1,73,NULL,69,5),(829,10,1,'2020-01-12 01:23:02.778054',NULL,25.49762350403156,-23.380637202525996,111,73,1,73,NULL,111,5),(830,10,1,'2020-01-12 01:23:42.346354',NULL,29.714005393865378,-27.24681176872683,81,111,1,111,NULL,81,5),(831,10,4,'2020-01-12 01:23:58.194300',NULL,-1.1074882734315543,2.108083511919858,67,92,1,92,NULL,67,5),(832,10,3,'2020-01-12 01:25:38.775069',NULL,-3.269629197082748,3.5188105837776273,78,92,1,92,NULL,78,5),(833,10,3,'2020-01-12 01:25:58.556179',NULL,0.26931888651410874,0.4190591502709573,78,112,1,112,NULL,78,5),(834,10,0,'2020-01-12 01:26:23.245041','fightcade://challenge-6640-1578607935.73@sfiii3n',26.64586020132331,-25.01412363772471,80,112,1,112,NULL,80,5),(835,10,2,'2020-01-12 01:26:38.961223',NULL,10.116837958574889,-8.88933522328971,78,69,1,69,NULL,78,5),(836,10,4,'2020-01-12 01:28:30.849281',NULL,-4.802122675783552,5.386639144117726,78,113,1,113,NULL,78,5),(837,10,1,'2020-01-12 01:28:44.021844',NULL,18.48957917190658,-16.996461466004227,67,113,1,113,NULL,67,5),(838,10,4,'2020-01-12 01:28:59.679748',NULL,27.03613244697447,-24.03613244697447,90,113,1,113,NULL,90,5),(839,10,4,'2020-01-13 00:34:56.270845','fightcade://challenge-5007-1578839629.72@sfiii3n',9.04086918660311,-7.077196157385002,8,13,1,13,NULL,8,3),(840,10,3,'2020-01-13 00:55:24.593158','fightcade://challenge-2633-1578858531.36@sfiii3n',45.22649536164097,-42.22649536164097,38,114,1,114,NULL,38,3),(842,10,0,'2020-01-13 01:32:51.719059','fightcade://challenge-8447-1578872547.75@sfiii3n',42.34862674886225,-39.40068636551601,13,114,1,114,NULL,13,3),(843,10,0,'2020-01-13 01:35:26.980186','fightcade://challenge-7107-1578875404.98@sfiii3n',42.33895200520349,-39.39178496396736,13,115,1,115,NULL,13,3),(844,10,0,'2020-01-13 01:36:49.948091','fightcade://challenge-5974-1578875525.87@sfiii3n',5.53987736624995,-5.53987736624995,1,114,1,114,NULL,1,3),(845,10,0,'2020-01-13 18:51:26.206027','fightcade://challenge-7443-1578940199.28@sfiii3n',6.73480328914664,-6.73480328914664,1,115,1,115,NULL,1,3),(846,10,2,'2020-01-13 22:56:51.687918','fightcade://challenge-1843-1578954472.24@sfiii3n',36.547577496231156,-33.547577496231156,38,114,1,114,NULL,38,3),(848,10,6,'2020-01-14 23:40:09.413463','fightcade://challenge-8008-1578955155.52@sfiii3n',0.9272315372864428,0.9306273632255024,24,13,1,13,NULL,24,3),(849,10,2,'2020-01-14 23:41:11.046589','fightcade://challenge-7029-1578960221.32@sfiii3n',-0.9372517265394542,0.9372517265394542,33,38,1,38,NULL,33,3),(850,10,1,'2020-01-14 23:44:22.885711','fightcade://challenge-2998-1578961936.48@sfiii3n',6.755649142308767,-6.567136942999481,30,13,1,13,NULL,30,3),(851,10,6,'2020-01-14 23:45:21.508728','fightcade://challenge-5060-1578978428.24@sfiii3n',16.977865170289306,-13.977865170289308,38,110,1,110,NULL,38,3),(852,10,7,'2020-01-14 23:46:56.768197','fightcade://challenge-9838-1579041659.97@sfiii3n',-5.469156825693991,7.007908163545382,13,29,1,29,NULL,13,3),(853,10,2,'2020-01-15 04:04:48.948315','fightcade://challenge-2071-1579059389.76@sfiii3n',-0.18002796711497937,0.18716088069641756,1,8,1,8,NULL,1,3),(854,10,0,'2020-01-16 00:11:22.919446','fightcade://challenge-8972-1579131141.11@sfiii3n',33.396783730050814,-31.176032609401688,13,21,1,21,NULL,13,3),(855,10,2,'2020-01-16 02:17:31.682881','fightcade://challenge-3642-1579137691.27@sfiii3n',7.336781637187131,-6.398505765034601,34,29,1,29,NULL,34,3),(856,10,9,'2020-01-16 04:23:52.870575','fightcade://challenge-4277-1579146249.68@sfiii3n',20.737971571008853,-17.737971571008853,29,2,1,2,NULL,29,3),(857,10,5,'2020-01-16 13:53:22.535366','fightcade://challenge-1021-1579150291.65@sfiii3n',19.91205495319174,-16.91205495319174,38,110,1,110,NULL,38,3),(859,10,7,'2020-01-16 23:29:40.459678','fightcade://challenge-9292-1579210448.81@sfiii3n',14.590101107921274,-11.590101107921274,27,13,1,13,NULL,27,3),(860,10,2,'2020-01-16 23:57:37.429711','fightcade://challenge-5920-1579217176.86@sfiii3n',37.29633808332539,-34.29633808332539,2,27,1,27,NULL,2,3),(861,10,5,'2020-01-17 00:49:59.526361','fightcade://challenge-9225-1579220080.57@sfiii3n',12.710864208551255,-10.13549171442345,8,2,1,2,NULL,8,3),(862,10,0,'2020-01-17 05:01:31.701693','fightcade://challenge-3832-1579224585.34@sfiii3n',26.11624837032668,-24.533348819247315,8,115,1,115,NULL,8,3),(863,10,8,'2020-01-17 16:16:17.050849','fightcade://challenge-7421-1579275074.89@sfiii3n',-3.4032028734302937,5.35879962073599,24,13,1,13,NULL,24,3),(864,10,9,'2020-01-17 20:13:46.753254',NULL,-8.524924125571195,10.232204183445663,67,69,1,69,NULL,67,5),(865,10,9,'2020-01-17 20:14:45.582668',NULL,-2.401249113022455,4.63888101387016,71,112,1,112,NULL,71,5),(866,10,7,'2020-01-17 20:15:37.305144',NULL,5.205285408766346,-2.7433414379710364,70,69,1,69,NULL,70,5),(867,10,5,'2020-01-17 20:16:47.642394',NULL,20.586799186831144,-17.586799186831144,111,91,1,91,NULL,111,5),(868,10,9,'2020-01-17 20:17:51.453673',NULL,19.37304759656745,-16.37304759656745,69,80,1,80,NULL,69,5),(869,5,10,'2020-01-17 20:20:07.483894',NULL,-6.340787476394856,8.576566789250077,81,81,1,67,NULL,67,5),(870,10,4,'2020-01-17 20:21:23.195649',NULL,12.838272359147723,-10.55293384487542,69,109,1,109,NULL,69,5),(871,10,4,'2020-01-18 04:51:59.057214','fightcade://challenge-5513-1579298831.14@sfiii3n',32.907456168136875,-29.907456168136875,114,56,1,56,NULL,114,3),(872,10,4,'2020-01-18 04:52:39.659389','fightcade://challenge-9036-1579298784.50@sfiii3n',15.118963225441824,-12.645922334976296,34,13,1,13,NULL,34,3),(873,10,2,'2020-01-18 04:53:25.022030','fightcade://challenge-5649-1579321465.79@sfiii3n',3.50289172098112,-3.00584346424678,1,34,1,34,NULL,1,3),(874,10,9,'2020-01-18 23:15:57.107399','fightcade://challenge-1930-1579237231.59@sfiii3n',8.565756605839631,-5.565756605839631,110,115,1,115,NULL,110,3),(875,10,8,'2020-01-18 23:17:44.587888','fightcade://challenge-9739-1579385732.43@sfiii3n',3.9548542236891127,-1.3853000050874176,43,13,1,13,NULL,43,3),(876,10,0,'2020-01-19 00:15:26.120086','fightcade://challenge-7362-1579390661.17@sfiii3n',22.723528717043983,-21.46614139130131,43,115,1,115,NULL,43,3),(877,10,8,'2020-01-19 00:42:35.946505',NULL,1.9848906177121934,0.4240572335165993,71,109,1,109,NULL,71,5),(878,10,5,'2020-01-23 15:42:50.818260','fightcade://challenge-6783-1579742326.49@sfiii3n',17.150298072576078,-14.218211966819618,34,8,1,8,NULL,34,3),(879,10,0,'2020-01-24 14:13:50.281765','fightcade://challenge-5617-1579830138.96@sfiii3n',19.50159826816389,-18.5788007293679,16,27,1,27,NULL,16,3),(880,10,3,'2020-01-24 14:14:26.677414','fightcade://challenge-8412-1579831965.18@sfiii3n',8.46441372187017,-6.928906570616364,16,8,1,8,NULL,16,3),(881,10,5,'2020-01-24 22:12:41.147032','fightcade://challenge-4843-1579901922.10@sfiii3n',-5.843127364513342,6.7283052723572645,1,7,1,7,NULL,1,3),(882,10,0,'2020-01-24 22:55:26.921715','fightcade://challenge-4843-1579901922.10@sfiii3n',4.822044684092859,-4.822044684092859,1,115,1,115,NULL,1,3),(883,10,2,'2020-01-25 17:05:30.589395','fightcade://challenge-2208-1579969335.50@sfiii3n',9.020029924165758,-7.904075564861275,8,114,1,114,NULL,8,3),(884,10,5,'2020-01-25 20:00:20.794637','fightcade://challenge-1482-1579978752.91@sfiii3n',24.588919090521976,-21.588919090521976,14,27,1,27,NULL,14,3),(885,10,3,'2020-01-25 21:23:04.431077','fightcade://challenge-5309-1579985393.87@sfiii3n',-3.241042832910063,3.4940297842200874,1,8,1,8,NULL,1,3),(887,10,3,'2020-01-29 03:49:46.881422','fightcade://challenge-8312-1580267774.77@sfiii3n',12.076450712125867,-10.213592466053978,13,38,1,38,NULL,13,3),(888,10,1,'2020-01-31 20:16:55.206488','fightcade://challenge-4824-1580500174.84@sfiii3n',7.747005480988784,-7.426667803507456,1,8,1,8,NULL,1,3),(889,10,3,'2020-01-31 21:43:23.837832','fightcade://challenge-1275-1580504693.10@sfiii3n',20.389130907883757,-17.828257770740443,8,13,1,13,NULL,8,3),(890,10,6,'2020-02-03 13:53:24.383167','fightcade://challenge-9230-1580325157.67@sfiii3n',19.964822245511726,-16.964822245511726,114,56,1,56,NULL,114,3),(891,10,3,'2020-02-03 13:54:18.623706','fightcade://challenge-1275-1580504693.10@sfiii3n',15.752543713785965,-13.573844463428895,8,13,1,13,NULL,8,3),(892,10,2,'2020-02-03 13:55:09.984831','fightcade://challenge-8216-1580597865.41@sfiii3n',31.498163637711386,-28.498163637711386,29,114,1,114,NULL,29,3),(893,10,1,'2020-02-07 01:48:33.597871',NULL,19.022223401956172,-17.479085298780337,34,116,1,116,NULL,34,3),(894,10,8,'2020-02-07 01:49:38.019270','fightcade://challenge-9825-1581037422.95@sfiii3n',-18.009982630336058,18.490210286598394,5,34,1,34,NULL,5,3),(895,10,0,'2020-02-07 01:51:26.475993','fightcade://challenge-3246-1580945427.63@sfiii3n',4.465896655832093,-4.465896655832093,1,115,1,115,NULL,1,3),(896,10,1,'2020-02-07 23:42:52.134593','fightcade://challenge-6114-1581116250.80@sfiii3n',7.402215076660061,-7.12708185770345,1,43,1,43,NULL,1,3),(897,10,3,'2020-02-08 03:40:10.931503','fightcade://challenge-7018-1581131538.10@sfiii3n',-11.619938046127496,11.619938046127496,1,29,1,29,NULL,1,3),(898,10,1,'2020-02-08 21:01:22.371693','fightcade://challenge-5002-1581194038.48@sfiii3n',5.296534704640008,-5.296534704640008,3,29,1,29,NULL,3,3),(900,10,0,'2020-02-10 05:11:10.302841','fightcade://challenge-7120-1581309858.12@sfiii3n',16.05955912152503,-15.532023167535609,1,8,1,8,NULL,1,3),(901,10,7,'2020-02-10 22:16:29.054773','fightcade://challenge-1064-1581370769.69@sfiii3n',-13.123445773120807,13.877980605932825,1,7,1,7,NULL,1,3),(902,10,2,'2020-02-11 03:31:44.379104','fightcade://challenge-6105-1581361512.13@sfiii3n',-0.029037157430730876,0.05790816771363616,1,36,1,36,NULL,1,3),(903,10,7,'2020-02-11 03:32:40.582815','fightcade://challenge-5412-1581383256.62@sfiii3n',4.8264673132964315,-2.395509276935508,34,8,1,8,NULL,34,3),(904,10,0,'2020-02-11 03:33:17.951782','fightcade://challenge-7061-1581390569.21@sfiii3n',5.115209973568309,-5.115209973568309,1,38,1,38,NULL,1,3),(905,10,9,'2020-02-13 00:13:09.055448','fightcade://challenge-4219-1581551127.52@sfiii3n',7.597047481301106,-4.597047481301106,16,3,1,3,NULL,16,3),(906,5,10,'2020-02-15 02:31:53.665778','fightcade://challenge-8600-1581731893.20@sfiii3n',-15.806695843815044,18.806695843815042,16,16,1,3,NULL,3,3),(907,10,6,'2020-02-15 03:03:28.336106','fightcade://challenge-9303-1581733697.16@sfiii3n',11.317112734136757,-8.593168438446588,3,16,1,16,NULL,3,3),(909,2,0,'2020-02-17 04:21:59.547011',NULL,7.059944995029551,-3.059944995029551,5,110,2,110,5,5,3),(910,2,0,'2020-02-17 04:22:15.539553',NULL,8.539394037263017,-4.539394037263017,1,44,2,44,5,1,3),(911,2,0,'2020-02-17 04:23:17.198359',NULL,26.554814541759082,-22.554814541759082,7,11,2,11,5,7,3),(912,2,1,'2020-02-17 04:23:56.794741',NULL,13.435198377732007,-9.435198377732007,34,41,2,41,5,34,3),(913,2,1,'2020-02-17 04:24:26.419282',NULL,30.980928806855264,-26.980928806855264,115,38,2,38,5,115,3),(914,2,0,'2020-02-17 04:24:59.794997',NULL,17.59015744143412,-13.590157441434119,24,39,2,39,5,24,3),(916,2,0,'2020-02-17 04:26:08.836083',NULL,38.898670989972594,-34.898670989972594,44,11,2,11,5,44,3),(917,2,0,'2020-02-17 04:26:38.324970',NULL,34.721356698008805,-30.7213566980088,38,39,2,39,5,38,3),(918,2,0,'2020-02-17 04:27:25.939631',NULL,7.47558878101405,-3.4755887810140496,5,29,2,29,5,5,3),(920,2,0,'2020-02-17 04:28:09.063782',NULL,16.83936444470345,-12.839364444703449,1,7,2,7,5,1,3),(921,2,0,'2020-02-17 04:28:32.536409',NULL,42.75133519720157,-38.75133519720157,27,34,2,34,5,27,3),(922,2,1,'2020-02-17 04:29:02.133604',NULL,13.453275190905048,-9.453275190905048,24,115,2,115,5,24,3),(923,2,0,'2020-02-17 04:29:29.763508',NULL,28.518599354917903,-24.518599354917903,110,115,2,115,5,110,3),(924,2,0,'2020-02-17 04:29:51.406983',NULL,19.964578481321013,-15.964578481321013,34,44,2,44,5,34,3),(925,2,1,'2020-02-17 04:30:21.606459',NULL,12.19985035864008,-8.19985035864008,7,41,2,41,5,7,3),(926,2,1,'2020-02-17 04:30:48.740290',NULL,30.66732242314004,-26.66732242314004,38,29,2,29,5,38,3),(927,2,0,'2020-02-17 04:31:39.896435',NULL,29.666347035981197,-25.666347035981197,5,1,2,1,5,5,3),(928,2,0,'2020-02-17 04:32:05.769522',NULL,18.17230974036913,-14.172309740369132,24,27,2,27,5,24,3),(929,2,0,'2020-02-17 04:32:40.421934',NULL,14.371273910689421,-10.371273910689421,34,110,2,110,5,34,3),(930,2,0,'2020-02-17 04:33:04.306062',NULL,13.089463617206533,-9.089463617206533,7,38,2,38,5,7,3),(932,3,0,'2020-02-17 04:33:55.053441',NULL,17.367045781546864,-12.367045781546864,5,24,2,24,5,5,3),(933,2,0,'2020-02-17 04:34:14.171399',NULL,16.02512264784056,-12.025122647840563,1,34,2,34,5,1,3),(934,2,1,'2020-02-17 04:34:33.159756',NULL,15.077499102944044,-11.077499102944044,7,27,2,27,5,7,3),(935,3,1,'2020-02-17 04:35:01.073553',NULL,21.78491194009977,-16.78491194009977,1,7,2,7,5,1,3),(936,3,0,'2020-02-17 04:35:18.440097',NULL,17.136538478238705,-12.136538478238707,1,24,2,24,5,1,3),(937,3,0,'2020-02-17 04:35:32.561030',NULL,34.26702014027232,-29.26702014027232,5,1,2,1,5,5,3),(938,10,0,'2020-02-19 02:16:01.162590','fightcade://challenge-9309-1582077095.95@sfiii3n',12.176060361222833,-12.16194223704246,1,8,1,8,NULL,1,3),(939,10,6,'2020-02-22 02:17:54.803373','fightcade://challenge-7633-1582335673.33@sfiii3n',-8.286941665738357,9.257922299205852,1,7,1,7,NULL,1,3),(940,10,9,'2020-02-25 02:25:33.406350','replay:challenge-7052-1582595197.58@sfiii3n',-8.526049735096771,10.233227976834938,7,8,1,8,NULL,7,3),(941,10,0,'2020-02-25 14:08:59.795321','fightcade://challenge-8056-1582593072.97@sfiii3n',21.66169427292794,-20.51144313725552,34,117,1,117,NULL,34,3),(942,10,2,'2020-02-25 23:52:46.291215','fightcade://challenge-4284-1582671161.98@sfiii3n',10.643585766818534,-9.363578327319857,8,38,1,38,NULL,8,3),(943,10,2,'2020-02-25 23:53:24.868954','fightcade://challenge-5606-1582672844.58@sfiii3n',0.20589162759697643,-0.14351597530533944,1,8,1,8,NULL,1,3),(944,10,5,'2020-02-25 23:57:23.608051','fightcade://challenge-4914-1582673042.41@sfiii3n',-21.832025505734663,21.832025505734663,5,38,1,38,NULL,5,3),(945,10,5,'2020-02-26 00:28:33.505141','fightcade://challenge-3297-1582674948.45@sfiii3n',23.27624310149349,-20.27624310149349,1,5,1,5,NULL,1,3),(946,10,7,'2020-02-28 00:52:49.869065','fightcade://challenge-4929-1582849170.11@sfiii3n',-12.48612627826126,13.312473706736325,1,7,1,7,NULL,1,3),(947,10,1,'2020-03-03 00:19:39.615791','fightcade://challenge-9408-1583193050.53@sfiii3n',-2.5064613875720188,2.5064613875720188,9,38,1,38,NULL,9,3),(948,10,3,'2020-03-04 01:06:25.945060','fightcade://challenge-8216-1583261699.85@sfiii3n',13.160725623224911,-11.203171597010533,118,114,1,114,NULL,118,3),(950,0,10,'2020-03-05 01:50:58.550556','fightcade://challenge-5964-1583371065.24@sfiii3n',-13.307494319579067,13.507571339633692,118,118,1,3,NULL,3,3),(951,10,8,'2020-03-07 03:14:38.450084','fightcade://challenge-8299-1583548478.55@sfiii3n',7.436036678106071,-4.586347783066218,5,1,1,1,NULL,5,3),(952,10,2,'2020-03-13 04:39:54.289074','redggpo',-5.12830346074022,5.12830346074022,1,2,1,2,NULL,1,3),(953,10,4,'2020-03-13 04:41:26.885814','fightcade://challenge-6092-1584072990.10@sfiii3n',12.508292149863445,-10.250403196068065,34,8,1,8,NULL,34,3),(954,10,1,'2020-03-15 02:25:56.970265','fightcade://challenge-5594-1584237677.60@sfiii3n',7.498838405513879,-7.210969847430784,3,2,1,2,NULL,3,3),(955,10,0,'2020-03-15 02:52:04.269014',NULL,4.196383953638545,-4.196383953638545,1,29,1,29,NULL,1,3),(956,10,2,'2020-03-16 22:54:04.613936',NULL,25.431430964481756,-22.853769093380638,54,114,1,114,NULL,54,3),(957,10,8,'2020-03-19 00:49:19.975314','fightcade://challenge-5661-1584576454.64@sfiii3n',12.530779371300246,-9.530779371300246,1,5,1,5,NULL,1,3),(958,10,5,'2020-03-19 05:07:29.835563','fightcade://challenge-8654-1584494019.43@sfiii3n',5.418704367603393,-3.4511783081506753,38,114,1,114,NULL,38,3),(959,10,2,'2020-03-19 05:08:55.267243','fightcade://challenge-7909-1584592585.46@sfiii3n',12.72508466342649,-11.243637760546363,8,38,1,38,NULL,8,3),(960,10,2,'2020-03-19 21:59:20.020957','fightcade://challenge-7835-1584653102.23@sfiii3n',-0.7760665102572872,0.7760665102572872,1,8,1,8,NULL,1,3),(961,10,0,'2020-03-19 23:27:31.628082','fightcade://challenge-9278-1584659278.41@sfiii3n',2.6607049828611373,-2.6607049828611373,1,114,1,114,NULL,1,3),(962,10,4,'2020-03-24 22:43:59.074357','fightcade:// challenge-2863-1585087631.30@sfiii3n',-0.2519032842400972,1.342371393105255,34,2,1,2,NULL,34,3),(963,10,1,'2020-03-24 23:16:42.335917','ggpo://watch-2RP4Pp4BQa',-0.610028853178548,0.610028853178548,9,2,1,2,NULL,9,3),(964,2,0,'2020-03-29 20:04:29.642913',NULL,29,-25,119,121,2,121,6,119,3),(965,2,0,'2020-03-29 20:04:50.299175',NULL,32.253111019592446,-28.253111019592446,55,123,2,123,6,55,3),(966,2,0,'2020-03-29 20:05:04.866230',NULL,23.82198287782822,-19.82198287782822,19,118,2,118,6,19,3),(967,2,0,'2020-03-29 20:05:26.113145',NULL,28.59526757180906,-24.59526757180906,125,53,2,53,6,125,3),(968,2,0,'2020-03-29 20:06:22.932708',NULL,29,-25,124,120,2,120,6,124,3),(969,2,0,'2020-03-29 20:06:49.089995',NULL,28.99949589934891,-24.99949589934891,14,120,2,120,6,14,3),(970,2,1,'2020-03-29 20:07:10.392201',NULL,29,-25,127,128,2,128,6,127,3),(971,2,0,'2020-03-29 20:07:26.135481',NULL,7.7860266014618835,-3.7860266014618835,9,119,2,119,6,9,3),(972,2,1,'2020-03-29 20:07:42.482173',NULL,26.799456143036696,-22.799456143036696,29,115,2,115,6,29,3),(973,2,0,'2020-03-29 20:07:53.855841',NULL,19.702279506056186,-15.702279506056188,8,126,2,126,6,8,3),(974,2,0,'2020-03-29 20:08:10.570728',NULL,32.11981101186301,-28.11981101186301,55,13,2,13,6,55,3),(975,2,1,'2020-03-29 20:08:28.067018',NULL,15.11909460775648,-11.11909460775648,3,19,2,19,6,3,3),(976,2,1,'2020-03-29 20:08:47.249702',NULL,24.65732066669177,-20.65732066669177,116,51,2,51,6,116,3),(977,2,0,'2020-03-29 20:09:03.538569',NULL,15.131865046551676,-11.131865046551676,7,125,2,125,6,7,3),(978,2,1,'2020-03-29 20:09:56.077224',NULL,23.105100682098858,-19.105100682098858,27,47,2,47,6,27,3),(979,2,0,'2020-03-29 20:10:08.837974',NULL,8.063380837963688,-4.063380837963687,5,124,2,124,6,5,3),(980,2,0,'2020-03-29 20:10:22.750973',NULL,40.91161754849238,-36.91161754849238,14,24,2,24,6,14,3),(981,2,1,'2020-03-29 20:10:39.453617',NULL,15.575602212265979,-11.575602212265979,1,33,2,33,6,1,3),(982,2,1,'2020-03-29 20:10:59.826389',NULL,26.11290228733584,-22.11290228733584,93,38,2,38,6,93,3),(983,2,0,'2020-03-29 20:12:49.927364',NULL,16.549213885504038,-12.54921388550404,34,127,2,127,6,34,3),(984,2,0,'2020-03-29 20:14:20.518531',NULL,27.904462576728154,-23.904462576728154,44,122,2,122,6,44,3),(985,2,0,'2020-03-29 20:14:33.733600',NULL,6.335999282069667,-2.3359992820696673,9,29,2,29,6,9,3),(986,2,1,'2020-03-29 20:15:25.334510',NULL,38.347095583954015,-34.347095583954015,55,8,2,8,6,55,3),(987,2,0,'2020-03-29 20:15:46.457129',NULL,10.76927001178581,-6.76927001178581,3,116,2,116,6,3,3),(988,2,0,'2020-03-29 20:15:59.262540',NULL,14.329997601666662,-10.329997601666662,7,27,2,27,6,7,3),(989,2,0,'2020-03-29 20:16:17.474338',NULL,5.509028287422787,-1.5090282874227867,5,114,2,114,6,5,3),(990,2,1,'2020-03-29 20:16:51.434717',NULL,30.059219379395586,-26.059219379395586,2,14,2,14,6,2,3),(991,2,0,'2020-03-29 20:17:07.894906',NULL,7.752477868801257,-3.7524778688012574,1,93,2,93,6,1,3),(992,2,0,'2020-03-29 20:17:19.999850',NULL,16.41927234170317,-12.41927234170317,34,44,2,44,6,34,3),(993,2,0,'2020-03-29 20:17:35.047254',NULL,8.080672237313804,-4.080672237313804,9,55,2,55,6,9,3),(994,2,0,'2020-03-29 20:17:47.954194',NULL,33.608045890769795,-29.608045890769795,7,3,2,3,6,7,3),(995,2,0,'2020-03-29 20:17:58.396851',NULL,8.459774543630612,-4.459774543630612,5,2,2,2,6,5,3),(996,2,0,'2020-03-29 20:18:07.373834',NULL,15.107927994650879,-11.107927994650879,1,34,2,34,6,1,3),(997,2,0,'2020-03-29 20:18:17.241852',NULL,17.26421695719612,-13.264216957196117,9,7,2,7,6,9,3),(998,2,1,'2020-03-29 20:18:27.229965',NULL,29.88932958427317,-25.88932958427317,5,1,2,1,6,5,3),(999,3,0,'2020-03-29 20:18:40.706021',NULL,35.07535146126506,-30.075351461265058,5,9,2,9,6,5,3),(1000,2,1,'2020-03-29 20:19:01.635916',NULL,28.921170006897885,-24.921170006897885,122,121,2,121,6,122,3),(1001,2,0,'2020-03-29 20:19:11.289733',NULL,13.384094734472958,-9.384094734472958,33,123,2,123,6,33,3),(1002,2,0,'2020-03-29 20:19:21.320434',NULL,30.672816934412836,-26.672816934412836,48,118,2,118,6,48,3),(1003,2,0,'2020-03-29 20:19:30.727475',NULL,32.46828331086259,-28.468283310862585,47,120,2,120,6,47,3),(1004,2,0,'2020-03-29 20:19:40.270673',NULL,21.487740491840203,-17.487740491840203,128,115,2,115,6,128,3),(1005,2,1,'2020-03-29 20:19:50.786376',NULL,28.177548802909193,-24.177548802909193,127,122,2,122,6,127,3),(1006,2,0,'2020-03-29 20:19:59.354187',NULL,11.451929063523222,-7.451929063523222,33,38,2,38,6,33,3),(1007,2,0,'2020-03-29 20:20:09.095362',NULL,18.25001050939893,-14.25001050939893,24,48,2,48,6,24,3),(1008,2,1,'2020-03-29 20:20:20.789059',NULL,35.031340855123624,-31.031340855123624,110,124,2,124,6,110,3),(1009,2,1,'2020-03-29 20:20:37.609508',NULL,34.89576116126785,-30.89576116126785,47,125,2,125,6,47,3),(1010,2,0,'2020-03-29 20:21:26.667070',NULL,16.835825326593074,-12.835825326593076,19,51,2,51,6,19,3),(1011,2,0,'2020-03-29 20:21:36.513197',NULL,27.709365413285056,-23.709365413285056,13,126,2,126,6,13,3),(1012,2,1,'2020-03-29 20:21:50.437202',NULL,31.062321339536343,-27.062321339536343,128,119,2,119,6,128,3),(1013,2,1,'2020-03-29 20:22:00.654389',NULL,30.99365990930781,-26.99365990930781,27,127,2,127,6,27,3),(1014,2,0,'2020-03-29 20:22:18.839798',NULL,13.553140834799894,-9.553140834799894,33,116,2,116,6,33,3),(1015,2,0,'2020-03-29 20:22:50.915934',NULL,32.176108692429565,-28.17610869242957,8,24,2,24,6,8,3),(1016,2,1,'2020-03-29 20:22:59.539074',NULL,31.10072169778338,-27.10072169778338,29,110,2,110,6,29,3),(1017,2,1,'2020-03-29 20:23:10.705549',NULL,24.59466254275919,-20.59466254275919,44,47,2,47,6,44,3),(1018,2,0,'2020-03-29 20:23:19.794929',NULL,23.300505868311625,-19.300505868311625,19,93,2,93,6,19,3),(1019,2,0,'2020-03-29 20:23:28.769967',NULL,29.798483692484965,-25.798483692484965,14,13,2,13,6,14,3),(1020,2,0,'2020-03-29 20:23:40.011518',NULL,17.460955932185016,-13.460955932185016,128,114,2,114,6,128,3),(1021,2,0,'2020-03-29 20:23:48.858873',NULL,15.15225471475892,-11.15225471475892,33,27,2,27,6,33,3),(1022,2,0,'2020-03-29 20:24:00.721767',NULL,17.264792185191503,-13.264792185191505,8,29,2,29,6,8,3),(1023,2,1,'2020-03-29 20:24:15.566228',NULL,24.0028577012062,-20.0028577012062,19,44,2,44,6,19,3),(1024,2,0,'2020-03-29 20:24:31.095568',NULL,28.737632529819482,-24.737632529819482,14,128,2,128,6,14,3),(1025,2,0,'2020-03-29 20:24:39.034017',NULL,14.796268880198806,-10.796268880198806,33,2,2,2,6,33,3),(1026,2,1,'2020-03-29 20:24:47.848881',NULL,33.98927235603328,-29.989272356033283,8,34,2,34,6,8,3),(1027,2,1,'2020-03-29 20:24:57.210239',NULL,43.636934961213676,-39.636934961213676,14,3,2,3,6,14,3),(1028,2,1,'2020-03-29 20:25:05.866389',NULL,22.6583330319311,-18.6583330319311,33,8,2,8,6,33,3),(1029,2,0,'2020-03-29 20:25:20.850702',NULL,26.940925673524088,-22.940925673524088,19,14,2,14,6,19,3),(1030,2,1,'2020-03-29 20:25:43.013466',NULL,27.443945090947288,-23.443945090947288,33,7,2,7,6,33,3),(1031,2,1,'2020-03-29 20:25:55.210954',NULL,12.230928939069459,-8.230928939069459,1,19,2,19,6,1,3),(1032,3,0,'2020-03-29 20:26:07.686411',NULL,45.452270554067425,-40.452270554067425,33,1,2,1,6,33,3),(1033,3,1,'2020-03-29 20:26:22.266646',NULL,27.97736868912358,-22.97736868912358,9,33,2,33,6,9,3),(1034,3,2,'2020-03-29 20:26:55.447098',NULL,31.87690401657597,-26.87690401657597,5,9,2,9,6,5,3),(1035,10,1,'2020-03-30 18:09:05.754501',NULL,10.631383769634631,-9.95627990834933,8,118,1,118,NULL,8,3),(1036,10,4,'2020-03-30 18:11:31.061608','fightcade://challenge-8647-1585589186.54@sfiii3n',21.17123422856617,-18.21082945941736,110,118,1,118,NULL,110,3),(1037,10,0,'2020-03-30 21:49:16.964634','fightcade://challenge-1693-1585603497.52@sfiii3n',29.459853195312917,-27.57586199989662,54,114,1,114,NULL,54,3),(1038,10,6,'2020-03-31 19:35:15.798920','fightcade://challenge-5408-1585681048.72@sfiii3n',-17.40936174189536,17.40936174189536,33,2,1,2,NULL,33,3),(1039,10,0,'2020-03-31 20:29:59.696947','fightcade://challenge-5723-1585685197.78@sfiii3n',15.886647786246375,-15.380254650661271,2,114,1,114,NULL,2,3),(1040,10,2,'2020-04-02 21:14:42.351757','fightcade://challenge-9077-1585860065.84@sfiii3n',25.51166088460574,-22.927501095951392,2,27,1,27,NULL,2,3),(1041,5,2,'2020-04-03 19:15:12.022084','ggpo://watch-KBNrBNrdDW',2.8497109997397594,-1.7527742851470995,7,2,1,2,NULL,7,3),(1042,10,6,'2020-04-03 19:56:18.507117','ggpo://watch-z2aka7R608',-19.82782329791684,19.82782329791684,9,2,1,2,NULL,9,3),(1043,10,1,'2020-04-04 04:26:46.152902','fightcade://challenge-8893-1585972406.80@sfiii3n',10.492227294951332,-9.833380202512112,1,8,1,8,NULL,1,3),(1044,10,4,'2020-04-04 21:03:44.436606','fightcade://challenge-4620-1586032346.92@sfiii3n',1.7318569544527747,-0.44058126572148915,110,114,1,114,NULL,110,3),(1045,10,7,'2020-04-05 23:11:12.294764','fightcade://challenge-9805-1586125790.43@sfiii3n',-3.5058179386076542,5.2248637205194814,5,1,1,1,NULL,5,3),(1046,5,3,'2020-04-06 21:20:03.323511','ggpo://watch-64a8MVOR7A',-1.6096624230083856,2.8334769543762963,7,2,1,2,NULL,7,3),(1047,10,5,'2020-04-07 22:44:15.566882','fightcade://challenge-7598-1586298663.72@sfiii3n',7.424332968258268,-5.2853409594985035,34,2,1,2,NULL,34,3),(1048,10,3,'2020-04-08 02:20:02.921650','fightcade://challenge-5686-1586310255.16@sfiii3n',-7.606989875144885,7.606989875144885,5,34,1,34,NULL,5,3),(1049,10,3,'2020-04-08 03:46:41.923854','ggpo://watch-493mLaAzxD',4.043359455360882,-2.942027668346352,2,38,1,38,NULL,2,3),(1050,7,2,'2020-04-08 20:10:55.415353','fightcade://challenge-8504-1586375351.39@sfiii3n',-9.319975879490208,9.319975879490208,5,2,1,2,NULL,5,3),(1051,10,4,'2020-04-10 20:17:49.324913','ggpo://watch-NMA0VWrjkx',-10.03189461606743,10.03189461606743,1,2,1,2,NULL,1,3),(1052,10,2,'2020-04-10 20:53:14.246797','ggpo://watch-Lv3xVPXpYe',11.574902625543835,-10.2036280848389,1,7,1,7,NULL,1,3),(1053,10,0,'2020-04-10 21:33:53.186740','fightcade://challenge-2717-1586552856.45@sfiii3n',6.254390215116397,-6.254390215116397,34,114,1,114,NULL,34,3),(1054,10,3,'2020-04-10 21:45:38.519669','ggpo://watch-6Vk5Gn8wNE',-13.350604721402242,13.350604721402242,1,38,1,38,NULL,1,3),(1055,10,9,'2020-04-10 23:33:02.019105',NULL,-23.37098460882926,23.449683634953935,34,38,1,38,NULL,34,3),(1056,10,0,'2020-04-11 01:01:23.998412','ggpo://watch-A8dXlExpmg',2.661092372613263,-2.661092372613263,5,38,1,38,NULL,5,3),(1057,10,5,'2020-04-11 01:01:55.531483',NULL,3.85754671766089,-2.0266113524568308,5,1,1,1,NULL,5,3),(1058,10,6,'2020-04-11 21:00:14.913974','fightcade://challenge-3193-1586637958.37@sfiii3n',-6.0145696396004436,7.221577043978824,110,114,1,114,NULL,110,3),(1059,5,2,'2020-04-12 00:09:36.967596','fightcade://challenge-2859-1586647640.39@sfiii3n',3.36766018095525,-2.2223783161582435,38,114,1,114,NULL,38,3),(1060,5,1,'2020-04-12 01:38:41.190742','https://www.twitch.tv/3rdstrike_cl',-6.4184342247763695,6.4184342247763695,1,118,1,118,NULL,1,3),(1061,5,1,'2020-04-12 01:40:00.221635','https://www.twitch.tv/3rdstrike_cl',2.919296687041413,-2.612661205988458,7,129,1,129,NULL,7,3),(1062,5,3,'2020-04-12 02:18:30.993756','https://www.twitch.tv/3rdstrike_cl',7.929899813428029,-5.910435403739833,15,130,1,130,NULL,15,3),(1063,5,4,'2020-04-12 02:38:06.622578','https://www.twitch.tv/3rdstrike_cl',13.348981035911823,-10.848981035911823,38,93,1,93,NULL,38,3),(1064,5,2,'2020-04-12 03:00:28.387281','https://www.twitch.tv/3rdstrike_cl',27.554788140464233,-25.054788140464233,51,110,1,110,NULL,51,3),(1065,5,0,'2020-04-12 03:10:00.904537','https://www.twitch.tv/3rdstrike_cl',24.093696103702325,-22.66023505902758,3,2,1,2,NULL,3,3),(1066,5,4,'2020-04-12 03:33:01.453964','https://www.twitch.tv/3rdstrike_cl',-4.748534098329175,6.108694406903746,125,115,1,115,NULL,125,3),(1067,3,1,'2020-04-12 03:50:25.997575','https://www.twitch.tv/3rdstrike_cl',15.394820743550854,-13.726989502664,43,37,1,37,NULL,43,3),(1068,3,0,'2020-04-12 03:58:06.498566','https://www.twitch.tv/3rdstrike_cl',6.41884161837962,-6.41884161837962,5,8,1,8,NULL,5,3),(1069,3,2,'2020-04-12 04:13:04.995841','https://www.twitch.tv/3rdstrike_cl',4.121074867565891,-2.696515442965266,27,21,1,21,NULL,27,3),(1070,3,1,'2020-04-12 04:27:15.153895','https://www.twitch.tv/3rdstrike_cl',6.023087313096704,-5.089328177458121,1,7,1,7,NULL,1,3),(1071,3,0,'2020-04-12 04:36:07.469824','https://www.twitch.tv/3rdstrike_cl',44.81646133309352,-42.81646133309352,37,34,1,34,NULL,37,3),(1072,3,2,'2020-04-12 04:46:21.279021','https://www.twitch.tv/3rdstrike_cl',7.757221011520051,-6.062955307692198,38,118,1,118,NULL,38,3),(1073,3,0,'2020-04-12 04:53:53.522722','https://www.twitch.tv/3rdstrike_cl',20.52555448485944,-19.38237460961204,2,93,1,93,NULL,2,3),(1074,3,0,'2020-04-12 05:06:35.658866','https://www.twitch.tv/3rdstrike_cl',13.996092060308603,-13.435555521991214,2,21,1,21,NULL,2,3),(1075,3,1,'2020-04-12 05:17:06.486243','https://www.twitch.tv/3rdstrike_cl',8.746767024595396,-7.585690432386906,14,93,1,93,NULL,14,3),(1076,3,1,'2020-04-12 05:23:51.973965','https://www.twitch.tv/3rdstrike_cl',24.10507678836278,-22.10507678836278,14,2,1,2,NULL,14,3),(1077,10,1,'2020-04-12 20:00:01.413859','fightcade://challenge-2618-1586719710.67@sfiii3n',-0.4285893068074742,0.4285893068074742,5,2,1,2,NULL,5,3),(1078,10,3,'2020-04-13 20:32:48.440583','fightcade://challenge-8198-1586808215.16@sfiii3n',-3.3239698544994445,3.5659039645247237,7,38,1,38,NULL,7,3),(1079,10,1,'2020-04-16 18:02:27.048792','replay:challenge-2161-1587058309.19@sfiii3n',7.674086931344492,-7.363254083128972,7,38,1,38,NULL,7,3),(1080,10,4,'2020-04-20 04:03:48.338060',NULL,-5.649224567637026,6.13067408147324,1,8,1,8,NULL,1,3),(1081,10,1,'2020-04-20 04:04:05.866967',NULL,-0.9348210765867027,0.9348210765867027,1,38,1,38,NULL,1,3),(1082,10,2,'2020-04-20 04:04:20.490515',NULL,-6.518312806824653,6.518312806824653,1,38,1,38,NULL,1,3),(1083,10,3,'2020-04-20 21:49:09.258398','fightcade://challenge-2167-1587411256.31@sfiii3n',8.809540107611143,-7.24184713815391,110,114,1,114,NULL,110,3),(1084,10,3,'2020-04-22 23:13:21.274103','ggpo://watch-74d2b96lwV',-3.3759099535839594,3.6109007304888596,7,38,1,38,NULL,7,3),(1085,10,6,'2020-04-23 00:27:55.677111','ggpo://watch-74d2b96lwV',-5.426553991278309,6.692418856682449,34,38,1,38,NULL,34,3),(1086,10,2,'2020-04-23 00:31:34.065464','fightcade://challenge-4531-1587599836.62@sfiii3n',14.55379031443266,-12.902304458802876,2,131,1,131,NULL,2,3),(1087,10,1,'2020-04-23 00:35:16.799067','ggpo://watch-RJPnlpnvjK',5.143514373735476,-5.143514373735476,34,115,1,115,NULL,34,3),(1088,10,7,'2020-04-24 00:50:19.798845',NULL,-20.347855594126543,20.347855594126543,9,14,1,14,NULL,9,3),(1089,3,1,'2020-04-26 00:20:36.788300','https://www.twitch.tv/3rdstrike_cl',6.925397773846738,-5.914535318331544,2,38,1,38,NULL,2,3),(1090,3,1,'2020-04-26 00:30:25.508662','https://www.twitch.tv/3rdstrike_cl',6.252154395530598,-5.2986342593336495,1,7,1,7,NULL,1,3),(1091,3,1,'2020-04-26 00:44:51.016940','https://www.twitch.tv/3rdstrike_cl',12.07651054798892,-10.655332314096352,119,21,1,21,NULL,119,3),(1092,3,1,'2020-04-26 01:00:12.451381','https://www.twitch.tv/3rdstrike_cl',12.309235054663544,-10.870423800771364,9,33,1,33,NULL,9,3),(1093,3,0,'2020-04-26 01:09:35.966827','https://www.twitch.tv/3rdstrike_cl',17.47236607000877,-16.586669809070166,27,115,1,115,NULL,27,3),(1094,3,1,'2020-04-26 01:25:18.385379','https://www.twitch.tv/3rdstrike_cl',16.375508485204925,-14.636308636116924,93,118,1,118,NULL,93,3),(1095,3,0,'2020-04-26 01:35:42.901072','https://www.twitch.tv/3rdstrike_cl',1.8575225508378224,-1.8575225508378224,5,29,1,29,NULL,5,3),(1096,3,0,'2020-04-26 01:41:22.560451','https://www.twitch.tv/3rdstrike_cl',33.35527559638578,-31.355275596385784,37,32,1,32,NULL,37,3),(1097,3,1,'2020-04-26 01:50:56.440861','https://www.twitch.tv/3rdstrike_cl',-7.3916701703666865,7.3916701703666865,1,38,1,38,NULL,1,3),(1098,3,0,'2020-04-26 01:58:57.989969','https://www.twitch.tv/3rdstrike_cl',8.778762119434194,-8.778762119434194,5,7,1,7,NULL,5,3),(1099,3,1,'2020-04-26 02:12:09.935839','https://www.twitch.tv/3rdstrike_cl',30.309441074904385,-28.309441074904385,118,27,1,27,NULL,118,3),(1100,3,0,'2020-04-26 02:20:43.251159','https://www.twitch.tv/3rdstrike_cl',8.326368765641131,-8.326368765641131,14,115,1,115,NULL,14,3),(1101,3,2,'2020-04-26 02:32:55.020672','https://www.twitch.tv/3rdstrike_cl',8.935640677753922,-7.155889904313836,93,110,1,110,NULL,93,3),(1102,3,1,'2020-04-26 02:43:59.505742','https://www.twitch.tv/3rdstrike_cl',3.5527743440281165,-2.8414748487447183,2,29,1,29,NULL,2,3),(1103,3,0,'2020-04-26 02:49:58.935612','https://www.twitch.tv/3rdstrike_cl',3.6267839971990945,-3.6267839971990945,1,118,1,118,NULL,1,3),(1104,5,2,'2020-04-27 02:41:53.232991',NULL,2.3941157939562143,-1.3402544953861184,1,7,1,7,NULL,1,3),(1106,10,9,'2020-04-27 23:11:59.475239','replay:challenge-6440-1588026373.66@sfiii3n',-0.46818726072665084,2.865863404334199,7,8,1,8,NULL,7,3),(1107,10,0,'2020-04-28 01:35:50.145592','ggpo://watch-QMKJVKzqZj',5.713652158767619,-5.713652158767619,9,38,1,38,NULL,9,3),(1108,5,2,'2020-04-28 03:09:17.913696','ggpo://watch-GBLEeK80jb',2.6456849487699508,-1.5679730512040624,34,38,1,38,NULL,34,3),(1109,10,2,'2020-04-28 03:30:13.406674','fightcade://challenge-2722-1588042529.66@sfiii3n',8.305819116035337,-7.264239216211603,8,38,1,38,NULL,8,3),(1110,10,8,'2020-04-28 20:16:30.154835','fightcade://challenge-6290-1588101304.90@sfiii3n',-8.68004782150247,10.15878581754519,110,114,1,114,NULL,110,3),(1111,5,2,'2020-04-29 21:55:37.370514','ggpo://watch-E7kbnrbOxn',18.883959012798165,-16.469250147327624,34,2,1,2,NULL,34,3),(1112,5,3,'2020-04-29 23:01:34.889193','fightcade://ggpo://watch-62Ymz4rDJx',13.035291390155113,-10.62175505539508,8,34,1,34,NULL,8,3),(1113,10,2,'2020-05-02 01:31:23.130705','ggpo://watch-Mjqv81rRkN',33.88400498320169,-30.884004983201688,29,38,1,38,NULL,29,3),(1114,10,0,'2020-05-02 05:56:08.817723','ggpo://watch-zEJwX16XY1',5.0490281409623705,-5.0490281409623705,1,38,1,38,NULL,1,3),(1115,2,0,'2020-05-03 20:36:35.553419','https://www.twitch.tv/videos/609631790',5.356698105696924,-1.356698105696924,5,121,2,121,7,5,3),(1116,2,0,'2020-05-03 20:36:52.227800','https://www.twitch.tv/videos/609631790',28.094378645673913,-24.094378645673913,38,118,2,118,7,38,3),(1117,2,0,'2020-05-03 20:37:05.212559','https://www.twitch.tv/videos/609631790',17.702711377652136,-13.702711377652138,19,132,2,132,7,19,3),(1118,2,0,'2020-05-03 20:37:20.857049','https://www.twitch.tv/videos/609631790',18.212671975917523,-14.212671975917523,14,133,2,133,7,14,3),(1119,2,0,'2020-05-03 20:37:37.730537','https://www.twitch.tv/videos/609631790',9.915268338321894,-5.915268338321894,33,93,2,93,7,33,3),(1120,2,0,'2020-05-03 20:37:57.338959','https://www.twitch.tv/videos/609631790',17.866302759648374,-13.866302759648374,29,115,2,115,7,29,3),(1121,2,0,'2020-05-03 20:38:16.423809','https://www.twitch.tv/videos/609631790',11.708967240922632,-7.7089672409226315,3,138,2,138,7,3,3),(1122,2,0,'2020-05-03 20:38:49.162040','https://www.twitch.tv/videos/609631790',14.463822808532214,-10.463822808532214,10,27,2,27,7,10,3),(1123,2,0,'2020-05-03 20:39:08.413524','https://www.twitch.tv/videos/609631790',6.00866595640835,-2.008665956408351,9,21,2,21,7,9,3),(1124,2,1,'2020-05-03 20:39:20.322636','https://www.twitch.tv/videos/609631790',25.451510905170483,-21.451510905170483,125,110,2,110,7,125,3),(1125,2,0,'2020-05-03 20:39:34.193732','https://www.twitch.tv/videos/609631790',17.243279068603997,-13.243279068603997,34,137,2,137,7,34,3),(1126,2,0,'2020-05-03 20:39:50.263516','https://www.twitch.tv/videos/609631790',19.29297879998407,-15.29297879998407,2,134,2,134,7,2,3),(1127,2,0,'2020-05-03 20:40:01.660613','https://www.twitch.tv/videos/609631790',7.886358312442617,-3.886358312442617,1,139,2,139,7,1,3),(1128,2,0,'2020-05-03 20:40:14.649503','https://www.twitch.tv/videos/609631790',33.944753918061494,-29.944753918061494,51,131,2,131,7,51,3),(1129,2,0,'2020-05-03 20:40:26.331819','https://www.twitch.tv/videos/609631790',13.721932804804517,-9.721932804804517,7,136,2,136,7,7,3),(1130,2,1,'2020-05-03 20:40:40.284419','https://www.twitch.tv/videos/609631790',26.410549183368005,-22.410549183368005,44,135,2,135,7,44,3),(1131,2,0,'2020-05-03 20:40:56.809319','https://www.twitch.tv/videos/609631790',5.54148242743366,-1.5414824274336603,5,38,2,38,7,5,3),(1132,2,0,'2020-05-03 20:41:12.009579','https://www.twitch.tv/videos/609631790',28.403190335068675,-24.403190335068675,19,14,2,14,7,19,3),(1133,2,0,'2020-05-03 20:41:30.882217','https://www.twitch.tv/videos/609631790',10.228200394918805,-6.228200394918804,33,29,2,29,7,33,3),(1134,2,0,'2020-05-03 20:42:04.977099','https://www.twitch.tv/videos/609631790',32.86581968173691,-28.865819681736905,10,3,2,3,7,10,3),(1135,2,0,'2020-05-03 20:42:18.355458','https://www.twitch.tv/videos/609631790',7.474618167841776,-3.4746181678417756,9,125,2,125,7,9,3),(1136,2,1,'2020-05-03 20:42:28.699024','https://www.twitch.tv/videos/609631790',26.638515074938915,-22.638515074938915,34,2,2,2,7,34,3),(1139,2,0,'2020-05-03 20:46:50.208914','https://www.twitch.tv/videos/609631790',6.8533290815750565,-2.8533290815750565,1,51,2,51,7,1,3),(1140,2,1,'2020-05-03 20:47:05.282756','https://www.twitch.tv/videos/609631790',16.111617681453268,-12.111617681453268,7,44,2,44,7,7,3),(1141,2,1,'2020-05-03 20:47:20.194493','https://www.twitch.tv/videos/609631790',9.358883486173172,-5.358883486173172,5,19,2,19,7,5,3),(1142,2,1,'2020-05-03 20:47:44.682266','https://www.twitch.tv/videos/609631790',23.772584091800304,-19.772584091800304,33,10,2,10,7,33,3),(1143,2,0,'2020-05-03 20:48:00.342486','https://www.twitch.tv/videos/609631790',13.807058177292276,-9.807058177292276,9,34,2,34,7,9,3),(1144,2,0,'2020-05-03 20:48:14.091883','https://www.twitch.tv/videos/609631790',40.209348265127865,-36.209348265127865,7,1,2,1,7,7,3),(1145,2,1,'2020-05-03 20:48:27.163589','https://www.twitch.tv/videos/609631790',18.056314269192892,-14.056314269192892,9,7,2,7,7,9,3),(1146,3,0,'2020-05-03 20:48:45.234849','https://www.twitch.tv/videos/609631790',42.990832075373866,-37.990832075373866,9,5,2,5,7,9,3),(1147,2,0,'2020-05-03 20:49:18.823711','https://www.twitch.tv/videos/609631790',36.72358576057564,-32.72358576057564,115,23,2,23,7,115,3),(1148,2,1,'2020-05-03 20:49:32.602119','https://www.twitch.tv/videos/609631790',29.91261363949026,-25.91261363949026,135,136,2,136,7,135,3),(1149,2,0,'2020-05-03 20:49:50.168118','https://www.twitch.tv/videos/609631790',29.147486040414417,-25.147486040414417,134,137,2,137,7,134,3),(1150,2,1,'2020-05-03 20:50:03.602479','https://www.twitch.tv/videos/609631790',28.63233160713286,-24.63233160713286,27,138,2,138,7,27,3),(1151,2,0,'2020-05-03 20:50:15.681483','https://www.twitch.tv/videos/609631790',19.724275374524616,-15.724275374524616,93,115,2,115,7,93,3),(1152,2,0,'2020-05-03 20:50:33.314589','https://www.twitch.tv/videos/609631790',28.963305411614623,-24.963305411614623,132,133,2,133,7,132,3),(1153,2,0,'2020-05-03 20:51:02.964340','https://www.twitch.tv/videos/609631790',31.525876747832097,-27.525876747832097,118,121,2,121,7,118,3),(1154,2,0,'2020-05-03 20:51:14.406030','https://www.twitch.tv/videos/609631790',12.680591138582095,-8.680591138582095,3,135,2,135,7,3,3),(1155,2,0,'2020-05-03 20:51:28.461582','https://www.twitch.tv/videos/609631790',25.52888199072406,-21.52888199072406,29,131,2,131,7,29,3),(1156,2,1,'2020-05-03 20:51:54.818266','https://www.twitch.tv/videos/609631790',38.58491962614004,-34.58491962614004,134,14,2,14,7,134,3),(1157,2,0,'2020-05-03 20:52:09.438571','https://www.twitch.tv/videos/609631790',23.474884520582126,-19.474884520582126,38,21,2,21,7,38,3),(1158,2,0,'2020-05-03 20:52:29.756744','https://www.twitch.tv/videos/609631790',27.248464384870683,-23.248464384870683,44,27,2,27,7,44,3),(1159,2,0,'2020-05-03 20:52:47.372648','https://www.twitch.tv/videos/609631790',33.070909741827776,-29.070909741827776,51,93,2,93,7,51,3),(1160,2,0,'2020-05-03 20:53:03.311983','https://www.twitch.tv/videos/609631790',37.5470340053032,-33.5470340053032,132,2,2,2,7,132,3),(1161,2,1,'2020-05-03 20:53:12.945913','https://www.twitch.tv/videos/609631790',24.810940870197935,-20.810940870197935,125,118,2,118,7,125,3),(1162,2,0,'2020-05-03 20:53:25.370750','https://www.twitch.tv/videos/609631790',13.101680169249915,-9.101680169249915,3,29,2,29,7,3,3),(1163,2,0,'2020-05-03 20:53:40.663228','https://www.twitch.tv/videos/609631790',25.32661177779812,-21.32661177779812,134,38,2,38,7,134,3),(1164,2,1,'2020-05-03 20:53:49.797110','https://www.twitch.tv/videos/609631790',22.190511186088436,-18.190511186088436,44,51,2,51,7,44,3),(1165,2,0,'2020-05-03 20:54:04.173512','https://www.twitch.tv/videos/609631790',27.319036392245817,-23.319036392245817,132,125,2,125,7,132,3),(1166,2,0,'2020-05-03 20:54:24.740114','https://www.twitch.tv/videos/609631790',22.469182241661613,-18.469182241661613,3,34,2,34,7,3,3),(1167,2,0,'2020-05-03 20:54:39.902203','https://www.twitch.tv/videos/609631790',10.491912535239841,-6.491912535239841,1,134,2,134,7,1,3),(1168,2,1,'2020-05-03 20:54:53.535298','https://www.twitch.tv/videos/609631790',21.331321297689072,-17.331321297689072,19,44,2,44,7,19,3),(1169,2,1,'2020-05-03 20:55:17.169184','https://www.twitch.tv/videos/609631790',41.24838927156946,-37.24838927156946,132,10,2,10,7,132,3),(1170,2,0,'2020-05-03 20:55:31.699738','https://www.twitch.tv/videos/609631790',22.534503899341477,-18.534503899341477,1,3,2,3,7,1,3),(1171,2,1,'2020-05-03 20:55:46.842454','https://www.twitch.tv/videos/609631790',36.65631734126865,-32.65631734126865,132,19,2,19,7,132,3),(1172,2,1,'2020-05-03 20:55:58.291333','https://www.twitch.tv/videos/609631790',19.139938433843483,-15.139938433843481,7,132,2,132,7,7,3),(1173,3,1,'2020-05-03 20:56:10.507590','https://www.twitch.tv/videos/609631790',25.091711912311514,-20.091711912311514,1,7,2,7,7,1,3),(1174,3,1,'2020-05-03 20:56:25.356765','https://www.twitch.tv/videos/609631790',42.48888575659764,-37.48888575659764,1,5,2,5,7,1,3),(1175,3,0,'2020-05-03 20:56:35.574453','https://www.twitch.tv/videos/609631790',32.22200398373971,-27.22200398373971,9,1,2,1,7,9,3),(1176,3,1,'2020-05-04 01:00:20.734581','fightcade://challenge-1524-1588524366.57@sfiii3n',17.858190531008567,-16.011911945299637,131,110,1,110,NULL,131,3),(1177,10,1,'2020-05-04 01:02:51.144730','ggpo://watch-v3naeYaj0e',9.216344630345855,-8.710397640988727,10,38,1,38,NULL,10,3),(1178,10,6,'2020-05-04 02:26:59.189016',NULL,-17.535006100857906,17.535006100857906,5,34,1,34,NULL,5,3);
/*!40000 ALTER TABLE `app_result` ENABLE KEYS */;
UNLOCK TABLES;

--
-- Table structure for table `app_tournament`
--

DROP TABLE IF EXISTS `app_tournament`;
/*!40101 SET @saved_cs_client     = @@character_set_client */;
/*!40101 SET character_set_client = utf8 */;
CREATE TABLE `app_tournament` (
  `id` int(11) NOT NULL AUTO_INCREMENT,
  `name` varchar(255) NOT NULL,
  `league_id` int(11) NOT NULL,
  PRIMARY KEY (`id`),
  UNIQUE KEY `name` (`name`),
  KEY `app_tournament_league_id_aec4b7dc` (`league_id`),
  CONSTRAINT `app_tournament_league_id_aec4b7dc_fk_app_league_id` FOREIGN KEY (`league_id`) REFERENCES `app_league` (`id`)
) ENGINE=InnoDB AUTO_INCREMENT=8 DEFAULT CHARSET=latin1;
/*!40101 SET character_set_client = @saved_cs_client */;

--
-- Dumping data for table `app_tournament`
--

LOCK TABLES `app_tournament` WRITE;
/*!40000 ALTER TABLE `app_tournament` DISABLE KEYS */;
INSERT INTO `app_tournament` VALUES (1,'Primer torneo SF3: Third Strike 2019',3),(2,'Segundo torneo SF3: Third Strike 2019',3),(3,'Tercer torneo SF3: Third Strike 2019',3),(4,'Cuarto torneo SF3: Third Strike 2019',3),(5,'Primer torneo SF3: Third Strike 2020',3),(6,'Segundo torneo SF3: Third Strike 2020',3),(7,'Tercer torneo SF3: Third Strike ANIVERSARIO 2020',3);
/*!40000 ALTER TABLE `app_tournament` ENABLE KEYS */;
UNLOCK TABLES;

--
-- Table structure for table `auth_group`
--

DROP TABLE IF EXISTS `auth_group`;
/*!40101 SET @saved_cs_client     = @@character_set_client */;
/*!40101 SET character_set_client = utf8 */;
CREATE TABLE `auth_group` (
  `id` int(11) NOT NULL AUTO_INCREMENT,
  `name` varchar(150) NOT NULL,
  PRIMARY KEY (`id`),
  UNIQUE KEY `name` (`name`)
) ENGINE=InnoDB DEFAULT CHARSET=latin1;
/*!40101 SET character_set_client = @saved_cs_client */;

--
-- Dumping data for table `auth_group`
--

LOCK TABLES `auth_group` WRITE;
/*!40000 ALTER TABLE `auth_group` DISABLE KEYS */;
/*!40000 ALTER TABLE `auth_group` ENABLE KEYS */;
UNLOCK TABLES;

--
-- Table structure for table `auth_group_permissions`
--

DROP TABLE IF EXISTS `auth_group_permissions`;
/*!40101 SET @saved_cs_client     = @@character_set_client */;
/*!40101 SET character_set_client = utf8 */;
CREATE TABLE `auth_group_permissions` (
  `id` int(11) NOT NULL AUTO_INCREMENT,
  `group_id` int(11) NOT NULL,
  `permission_id` int(11) NOT NULL,
  PRIMARY KEY (`id`),
  UNIQUE KEY `auth_group_permissions_group_id_permission_id_0cd325b0_uniq` (`group_id`,`permission_id`),
  KEY `auth_group_permissio_permission_id_84c5c92e_fk_auth_perm` (`permission_id`),
  CONSTRAINT `auth_group_permissio_permission_id_84c5c92e_fk_auth_perm` FOREIGN KEY (`permission_id`) REFERENCES `auth_permission` (`id`),
  CONSTRAINT `auth_group_permissions_group_id_b120cbf9_fk_auth_group_id` FOREIGN KEY (`group_id`) REFERENCES `auth_group` (`id`)
) ENGINE=InnoDB DEFAULT CHARSET=latin1;
/*!40101 SET character_set_client = @saved_cs_client */;

--
-- Dumping data for table `auth_group_permissions`
--

LOCK TABLES `auth_group_permissions` WRITE;
/*!40000 ALTER TABLE `auth_group_permissions` DISABLE KEYS */;
/*!40000 ALTER TABLE `auth_group_permissions` ENABLE KEYS */;
UNLOCK TABLES;

--
-- Table structure for table `auth_permission`
--

DROP TABLE IF EXISTS `auth_permission`;
/*!40101 SET @saved_cs_client     = @@character_set_client */;
/*!40101 SET character_set_client = utf8 */;
CREATE TABLE `auth_permission` (
  `id` int(11) NOT NULL AUTO_INCREMENT,
  `name` varchar(255) NOT NULL,
  `content_type_id` int(11) NOT NULL,
  `codename` varchar(100) NOT NULL,
  PRIMARY KEY (`id`),
  UNIQUE KEY `auth_permission_content_type_id_codename_01ab375a_uniq` (`content_type_id`,`codename`),
  CONSTRAINT `auth_permission_content_type_id_2f476e4b_fk_django_co` FOREIGN KEY (`content_type_id`) REFERENCES `django_content_type` (`id`)
) ENGINE=InnoDB AUTO_INCREMENT=73 DEFAULT CHARSET=latin1;
/*!40101 SET character_set_client = @saved_cs_client */;

--
-- Dumping data for table `auth_permission`
--

LOCK TABLES `auth_permission` WRITE;
/*!40000 ALTER TABLE `auth_permission` DISABLE KEYS */;
INSERT INTO `auth_permission` VALUES (1,'Can add log entry',1,'add_logentry'),(2,'Can change log entry',1,'change_logentry'),(3,'Can delete log entry',1,'delete_logentry'),(4,'Can view log entry',1,'view_logentry'),(5,'Can add permission',2,'add_permission'),(6,'Can change permission',2,'change_permission'),(7,'Can delete permission',2,'delete_permission'),(8,'Can view permission',2,'view_permission'),(9,'Can add group',3,'add_group'),(10,'Can change group',3,'change_group'),(11,'Can delete group',3,'delete_group'),(12,'Can view group',3,'view_group'),(13,'Can add user',4,'add_user'),(14,'Can change user',4,'change_user'),(15,'Can delete user',4,'delete_user'),(16,'Can view user',4,'view_user'),(17,'Can add content type',5,'add_contenttype'),(18,'Can change content type',5,'change_contenttype'),(19,'Can delete content type',5,'delete_contenttype'),(20,'Can view content type',5,'view_contenttype'),(21,'Can add session',6,'add_session'),(22,'Can change session',6,'change_session'),(23,'Can delete session',6,'delete_session'),(24,'Can view session',6,'view_session'),(25,'Can add branch',7,'add_branch'),(26,'Can change branch',7,'change_branch'),(27,'Can delete branch',7,'delete_branch'),(28,'Can view branch',7,'view_branch'),(29,'Can add char',8,'add_char'),(30,'Can change char',8,'change_char'),(31,'Can delete char',8,'delete_char'),(32,'Can view char',8,'view_char'),(33,'Can add match type',9,'add_matchtype'),(34,'Can change match type',9,'change_matchtype'),(35,'Can delete match type',9,'delete_matchtype'),(36,'Can view match type',9,'view_matchtype'),(37,'Can add news',10,'add_news'),(38,'Can change news',10,'change_news'),(39,'Can delete news',10,'delete_news'),(40,'Can view news',10,'view_news'),(41,'Can add player',11,'add_player'),(42,'Can change player',11,'change_player'),(43,'Can delete player',11,'delete_player'),(44,'Can view player',11,'view_player'),(45,'Can add tournament',12,'add_tournament'),(46,'Can change tournament',12,'change_tournament'),(47,'Can delete tournament',12,'delete_tournament'),(48,'Can view tournament',12,'view_tournament'),(49,'Can add result',13,'add_result'),(50,'Can change result',13,'change_result'),(51,'Can delete result',13,'delete_result'),(52,'Can view result',13,'view_result'),(53,'Can add game',14,'add_game'),(54,'Can change game',14,'change_game'),(55,'Can delete game',14,'delete_game'),(56,'Can view game',14,'view_game'),(57,'Can add league',15,'add_league'),(58,'Can change league',15,'change_league'),(59,'Can delete league',15,'delete_league'),(60,'Can view league',15,'view_league'),(61,'Can add country',16,'add_country'),(62,'Can change country',16,'change_country'),(63,'Can delete country',16,'delete_country'),(64,'Can view country',16,'view_country'),(65,'Can add medal type',17,'add_medaltype'),(66,'Can change medal type',17,'change_medaltype'),(67,'Can delete medal type',17,'delete_medaltype'),(68,'Can view medal type',17,'view_medaltype'),(69,'Can add medal',18,'add_medal'),(70,'Can change medal',18,'change_medal'),(71,'Can delete medal',18,'delete_medal'),(72,'Can view medal',18,'view_medal');
/*!40000 ALTER TABLE `auth_permission` ENABLE KEYS */;
UNLOCK TABLES;

--
-- Table structure for table `auth_user`
--

DROP TABLE IF EXISTS `auth_user`;
/*!40101 SET @saved_cs_client     = @@character_set_client */;
/*!40101 SET character_set_client = utf8 */;
CREATE TABLE `auth_user` (
  `id` int(11) NOT NULL AUTO_INCREMENT,
  `password` varchar(128) NOT NULL,
  `last_login` datetime(6) DEFAULT NULL,
  `is_superuser` tinyint(1) NOT NULL,
  `username` varchar(150) NOT NULL,
  `first_name` varchar(30) NOT NULL,
  `last_name` varchar(150) NOT NULL,
  `email` varchar(254) NOT NULL,
  `is_staff` tinyint(1) NOT NULL,
  `is_active` tinyint(1) NOT NULL,
  `date_joined` datetime(6) NOT NULL,
  PRIMARY KEY (`id`),
  UNIQUE KEY `username` (`username`)
) ENGINE=InnoDB AUTO_INCREMENT=19 DEFAULT CHARSET=latin1;
/*!40101 SET character_set_client = @saved_cs_client */;

--
-- Dumping data for table `auth_user`
--

LOCK TABLES `auth_user` WRITE;
/*!40000 ALTER TABLE `auth_user` DISABLE KEYS */;
INSERT INTO `auth_user` VALUES (1,'pbkdf2_sha256$150000$56sLOg5mGvzl$Mm5tCJY+Mjab6GvJBpC5kESSW+Q8/kL7Q5wzpsUv6Q8=','2020-05-02 05:55:23.332814',1,'admin','','','admin@admin.cl',1,1,'2019-10-04 01:16:12.517333'),(2,'pbkdf2_sha256$150000$JKOV18y8mfn7$x/rw9Sm4mIxDdc3nr7V48aRQoM/P+xV2AmxsEyETNTk=',NULL,1,'raul','','','raul@raul.cl',1,1,'2019-11-02 02:36:22.246970'),(3,'pbkdf2_sha256$150000$SxHMXAeyOYWl$+eTYGADbxNNzvvvfq5Kvfjn1Xbaa5QH8GrRc28l8Mp8=','2019-12-11 14:48:42.193561',0,'camila93','','','',0,1,'2019-12-11 14:48:41.969464'),(4,'pbkdf2_sha256$150000$CoUyMZY86xx0$cLKU7YpO2JQI1DJBj9ej9m+WLn7e7Zqgv+PxdlYoGrE=','2020-01-19 00:41:49.935854',0,'33argentina','','','',0,1,'2019-12-14 18:49:50.511965'),(5,'pbkdf2_sha256$150000$Yd5Lp7uNZS0R$3+Rk/GyOfbeVuw8+JlOBdQCvx5jV8/C/hinTj7ph9z0=','2019-12-14 20:55:29.759354',0,'FA_Cardoo23','','','',0,1,'2019-12-14 20:55:29.551283'),(6,'pbkdf2_sha256$150000$D3p4X3nUK0NK$6RAl49mzqYmDpvFmGbfhWvbV0t3PWXOCY3fVFJFOwrM=','2019-12-18 04:02:45.391416',0,'SodaStereo','','','',0,1,'2019-12-16 02:00:58.809333'),(7,'pbkdf2_sha256$150000$5fT3RwhC4Z8B$cPdsacdZApmwoQNEqmNel/APMnpm4vF04KQXmHWN5aA=','2019-12-22 05:49:03.215937',0,'diegotorea','','','',0,1,'2019-12-17 19:12:22.823924'),(8,'pbkdf2_sha256$150000$D3Fvb5gD2idN$+hbmcnlmfyHWnUQDCOLiA3qB1tnaxA2NeTeGJgK11MI=','2019-12-18 18:56:22.268777',0,'Cami_chi','','','',0,1,'2019-12-18 18:56:22.064396'),(9,'pbkdf2_sha256$150000$vmTmcgmTQ1wH$H4TW1MIbHIk3HiuNRs0Cvc9AGJk2ywEo41Skrezm5j0=','2019-12-18 19:19:11.308904',0,'foo','','','',0,1,'2019-12-18 19:19:11.103613'),(10,'pbkdf2_sha256$150000$KE1zAxtlfCc5$Cylc9iPOWn3UvvkU79VPh0rbAHbSQBNwGAidSwPdhoI=','2019-12-24 05:43:18.387408',0,'Noisy','','','',0,1,'2019-12-24 05:43:18.181219'),(11,'pbkdf2_sha256$150000$w7VA5SSJDE2K$j0Si7UeqWEPnAL488BGWfkVh4DYLebzxKfvvRU+kWpc=','2019-12-26 22:55:48.518065',0,'dejotadiez','','','',0,1,'2019-12-26 14:24:12.574491'),(12,'pbkdf2_sha256$150000$OrQvi3WEOl1C$NauSE4MZICJKAPfCkNacPQMDTTAYQhZPKvNCdsmy2qQ=','2019-12-27 01:26:57.721966',0,'Orgy','','','',0,1,'2019-12-27 01:26:57.510198'),(13,'pbkdf2_sha256$150000$WlQG4WGw6Jt8$T20u0Fka8f4FmQ3Iuoaexd/zR+SZle5aKqA3eHLPjUU=','2019-12-27 17:22:59.476588',0,'Red40IP','','','',0,1,'2019-12-27 17:22:59.264159'),(14,'pbkdf2_sha256$150000$krBywK4lwWXV$cheHajfUtUlxm/cbh+nSTLrBjI6XmEo0Rm8DsskUblc=','2020-01-10 18:31:59.918456',0,'yasuoh0','','','',0,1,'2020-01-10 18:31:59.716613'),(15,'pbkdf2_sha256$150000$quaCqfPHDKZN$boM21cLpMqvZPz4pcRiPb1LnL84SEj/gaoG4J7EuYmE=','2020-03-27 03:51:51.361983',0,'Pueblo32','','','',0,1,'2020-03-27 03:51:50.973109'),(16,'pbkdf2_sha256$150000$XmI35L75BXlu$OE2XrJKDpCSWoWb0sxp8AnEEjQSNdYnywjV/yJ+PTl0=','2020-05-04 00:16:00.908140',0,'arctico','','','',0,1,'2020-04-04 16:40:32.221362'),(17,'pbkdf2_sha256$150000$IqXV9v80j07d$VMRmZTelBew1SBLfTNLXAeCTp5o+kxzBL2x6AA6mzHA=','2020-04-28 19:00:58.602344',0,'powup1','','','',0,1,'2020-04-28 19:00:18.711600'),(18,'pbkdf2_sha256$150000$28UByOSo5VLE$LvU/RxDPkjHWqz4EE9mv1+g4VYaYZlFG4umBUqoOV14=','2020-05-03 06:51:38.153176',0,'LordTiki','','','',0,1,'2020-05-03 06:51:37.824160');
/*!40000 ALTER TABLE `auth_user` ENABLE KEYS */;
UNLOCK TABLES;

--
-- Table structure for table `auth_user_groups`
--

DROP TABLE IF EXISTS `auth_user_groups`;
/*!40101 SET @saved_cs_client     = @@character_set_client */;
/*!40101 SET character_set_client = utf8 */;
CREATE TABLE `auth_user_groups` (
  `id` int(11) NOT NULL AUTO_INCREMENT,
  `user_id` int(11) NOT NULL,
  `group_id` int(11) NOT NULL,
  PRIMARY KEY (`id`),
  UNIQUE KEY `auth_user_groups_user_id_group_id_94350c0c_uniq` (`user_id`,`group_id`),
  KEY `auth_user_groups_group_id_97559544_fk_auth_group_id` (`group_id`),
  CONSTRAINT `auth_user_groups_group_id_97559544_fk_auth_group_id` FOREIGN KEY (`group_id`) REFERENCES `auth_group` (`id`),
  CONSTRAINT `auth_user_groups_user_id_6a12ed8b_fk_auth_user_id` FOREIGN KEY (`user_id`) REFERENCES `auth_user` (`id`)
) ENGINE=InnoDB DEFAULT CHARSET=latin1;
/*!40101 SET character_set_client = @saved_cs_client */;

--
-- Dumping data for table `auth_user_groups`
--

LOCK TABLES `auth_user_groups` WRITE;
/*!40000 ALTER TABLE `auth_user_groups` DISABLE KEYS */;
/*!40000 ALTER TABLE `auth_user_groups` ENABLE KEYS */;
UNLOCK TABLES;

--
-- Table structure for table `auth_user_user_permissions`
--

DROP TABLE IF EXISTS `auth_user_user_permissions`;
/*!40101 SET @saved_cs_client     = @@character_set_client */;
/*!40101 SET character_set_client = utf8 */;
CREATE TABLE `auth_user_user_permissions` (
  `id` int(11) NOT NULL AUTO_INCREMENT,
  `user_id` int(11) NOT NULL,
  `permission_id` int(11) NOT NULL,
  PRIMARY KEY (`id`),
  UNIQUE KEY `auth_user_user_permissions_user_id_permission_id_14a6b632_uniq` (`user_id`,`permission_id`),
  KEY `auth_user_user_permi_permission_id_1fbb5f2c_fk_auth_perm` (`permission_id`),
  CONSTRAINT `auth_user_user_permi_permission_id_1fbb5f2c_fk_auth_perm` FOREIGN KEY (`permission_id`) REFERENCES `auth_permission` (`id`),
  CONSTRAINT `auth_user_user_permissions_user_id_a95ead1b_fk_auth_user_id` FOREIGN KEY (`user_id`) REFERENCES `auth_user` (`id`)
) ENGINE=InnoDB DEFAULT CHARSET=latin1;
/*!40101 SET character_set_client = @saved_cs_client */;

--
-- Dumping data for table `auth_user_user_permissions`
--

LOCK TABLES `auth_user_user_permissions` WRITE;
/*!40000 ALTER TABLE `auth_user_user_permissions` DISABLE KEYS */;
/*!40000 ALTER TABLE `auth_user_user_permissions` ENABLE KEYS */;
UNLOCK TABLES;

--
-- Table structure for table `django_admin_log`
--

DROP TABLE IF EXISTS `django_admin_log`;
/*!40101 SET @saved_cs_client     = @@character_set_client */;
/*!40101 SET character_set_client = utf8 */;
CREATE TABLE `django_admin_log` (
  `id` int(11) NOT NULL AUTO_INCREMENT,
  `action_time` datetime(6) NOT NULL,
  `object_id` longtext,
  `object_repr` varchar(200) NOT NULL,
  `action_flag` smallint(5) unsigned NOT NULL,
  `change_message` longtext NOT NULL,
  `content_type_id` int(11) DEFAULT NULL,
  `user_id` int(11) NOT NULL,
  PRIMARY KEY (`id`),
  KEY `django_admin_log_content_type_id_c4bce8eb_fk_django_co` (`content_type_id`),
  KEY `django_admin_log_user_id_c564eba6_fk_auth_user_id` (`user_id`),
  CONSTRAINT `django_admin_log_content_type_id_c4bce8eb_fk_django_co` FOREIGN KEY (`content_type_id`) REFERENCES `django_content_type` (`id`),
  CONSTRAINT `django_admin_log_user_id_c564eba6_fk_auth_user_id` FOREIGN KEY (`user_id`) REFERENCES `auth_user` (`id`)
) ENGINE=InnoDB AUTO_INCREMENT=92 DEFAULT CHARSET=latin1;
/*!40101 SET character_set_client = @saved_cs_client */;

--
-- Dumping data for table `django_admin_log`
--

LOCK TABLES `django_admin_log` WRITE;
/*!40000 ALTER TABLE `django_admin_log` DISABLE KEYS */;
INSERT INTO `django_admin_log` VALUES (1,'2019-10-04 01:23:09.471210','1','ryu',1,'[{\"added\": {}}]',8,1),(2,'2019-10-04 01:23:13.148697','1','atma',1,'[{\"added\": {}}]',11,1),(3,'2019-10-04 01:23:28.189190','2','wirox',1,'[{\"added\": {}}]',11,1),(4,'2019-10-04 01:23:41.084992','1','Torneo',1,'[{\"added\": {}}]',9,1),(5,'2019-10-04 01:23:48.185033','2','First to win',1,'[{\"added\": {}}]',9,1),(6,'2019-10-04 01:24:22.942869','1','Torneo XXX',1,'[{\"added\": {}}]',12,1),(7,'2019-10-04 02:21:00.059424','3','atma  v/s wirox',3,'',13,1),(8,'2019-10-04 02:21:00.064699','2','atma  v/s wirox',3,'',13,1),(9,'2019-10-04 02:21:00.072744','1','atma  v/s wirox',3,'',13,1),(10,'2019-10-04 02:21:06.539585','1','Torneo XXX',3,'',12,1),(11,'2019-10-04 02:21:11.729460','2','wirox',3,'',11,1),(12,'2019-10-04 02:21:11.734152','1','atma',3,'',11,1),(13,'2019-10-04 02:24:43.811701','2','First to win',3,'',9,1),(14,'2019-10-04 02:24:43.817036','1','Torneo',3,'',9,1),(15,'2019-10-04 02:27:31.646402','1','SF3 Third Strike',1,'[{\"added\": {}}]',14,1),(16,'2019-10-04 02:27:36.546328','1','Liga SF3 Chile',1,'[{\"added\": {}}]',15,1),(17,'2019-10-04 02:27:50.281554','2','Ken',1,'[{\"added\": {}}]',8,1),(18,'2019-10-04 02:27:55.335540','3','Ryu',1,'[{\"added\": {}}]',8,1),(19,'2019-10-04 02:30:31.249534','2','Primer torneo sf3',1,'[{\"added\": {}}]',12,1),(20,'2019-10-04 02:31:06.942397','3','_atma',1,'[{\"added\": {}}]',11,1),(21,'2019-10-04 02:31:21.253616','4','wirox',1,'[{\"added\": {}}]',11,1),(22,'2019-10-04 02:32:14.704843','3','Torneo',1,'[{\"added\": {}}]',9,1),(23,'2019-10-04 02:32:18.250286','4','First to win',1,'[{\"added\": {}}]',9,1),(24,'2019-10-06 05:39:38.159050','1','Liga SF3 Chile',2,'[{\"changed\": {\"fields\": [\"slug\"]}}]',15,1),(25,'2019-10-09 04:11:24.992760','2','Liga SF3 Argentina',1,'[{\"added\": {}}]',15,1),(26,'2019-12-03 02:49:51.481431','3','Liga Chilena SF3 Third Strike',1,'[{\"added\": {}}]',15,1),(27,'2019-12-09 23:27:00.678789','51','millatron-sf',1,'[{\"added\": {}}]',11,1),(28,'2019-12-09 23:33:10.193174','52','DrockCL',1,'[{\"added\": {}}]',11,1),(29,'2019-12-09 23:34:25.967435','53','Reptar Q',1,'[{\"added\": {}}]',11,1),(30,'2019-12-09 23:34:47.443018','54','Fevil',1,'[{\"added\": {}}]',11,1),(31,'2019-12-09 23:35:45.883370','55','sH4lOt3',1,'[{\"added\": {}}]',11,1),(32,'2019-12-10 02:36:37.900173','4','Cuarto torneo SF3: Third Strike 2019',1,'[{\"added\": {}}]',12,1),(33,'2019-12-19 00:29:26.532315','6','liga te hackeo daewoo',3,'',15,1),(34,'2019-12-19 00:29:26.534037','4','Liga chilena',3,'',15,1),(35,'2019-12-19 00:30:07.677056','3','Street Fighter Alpha 3',1,'[{\"added\": {}}]',14,1),(36,'2019-12-19 00:30:18.092564','3','Street Fighter Alpha 3',2,'[{\"changed\": {\"fields\": [\"url_image\"]}}]',14,1),(37,'2019-12-19 00:31:14.422572','30','Ryu',1,'[{\"added\": {}}]',8,1),(38,'2019-12-19 00:31:52.490997','31','Ken',1,'[{\"added\": {}}]',8,1),(39,'2019-12-19 00:35:55.364238','32','Adon',1,'[{\"added\": {}}]',8,1),(40,'2019-12-19 00:36:10.645489','33','Akuma',1,'[{\"added\": {}}]',8,1),(41,'2019-12-19 00:36:34.349751','34','Balrog',1,'[{\"added\": {}}]',8,1),(42,'2019-12-19 00:36:46.849202','35','Birdie',1,'[{\"added\": {}}]',8,1),(43,'2019-12-19 00:37:45.381657','85','Birdie',3,'',11,1),(44,'2019-12-19 00:37:45.383204','84','Ken',3,'',11,1),(45,'2019-12-19 00:37:45.383998','83','Ryu',3,'',11,1),(46,'2019-12-19 00:45:24.795094','86','Ryu',3,'',11,1),(47,'2019-12-19 00:46:01.943222','36','Bison',1,'[{\"added\": {}}]',8,1),(48,'2019-12-19 00:46:11.265617','37','Blanka',1,'[{\"added\": {}}]',8,1),(49,'2019-12-19 00:46:22.010925','38','Cammy',1,'[{\"added\": {}}]',8,1),(50,'2019-12-19 00:46:33.836083','39','Chunly',1,'[{\"added\": {}}]',8,1),(51,'2019-12-19 00:46:41.835742','40','Cody',1,'[{\"added\": {}}]',8,1),(52,'2019-12-19 00:46:56.837062','41','Dalshim',1,'[{\"added\": {}}]',8,1),(53,'2019-12-19 00:47:04.560762','42','Dan',1,'[{\"added\": {}}]',8,1),(54,'2019-12-19 00:47:11.563471','43','Gen',1,'[{\"added\": {}}]',8,1),(55,'2019-12-19 00:47:19.752765','44','Guy',1,'[{\"added\": {}}]',8,1),(56,'2019-12-19 00:47:28.595512','45','Honda',1,'[{\"added\": {}}]',8,1),(57,'2019-12-19 00:47:36.860638','46','Juli',1,'[{\"added\": {}}]',8,1),(58,'2019-12-19 00:49:26.482811','47','Juni',1,'[{\"added\": {}}]',8,1),(59,'2019-12-19 00:49:37.350633','48','Karin',1,'[{\"added\": {}}]',8,1),(60,'2019-12-19 00:49:54.844786','49','Ken.png',1,'[{\"added\": {}}]',8,1),(61,'2019-12-19 00:50:10.384190','50','Nash',1,'[{\"added\": {}}]',8,1),(62,'2019-12-19 00:50:26.053769','51','R.Mika',1,'[{\"added\": {}}]',8,1),(63,'2019-12-19 00:50:36.786413','52','Rolento',1,'[{\"added\": {}}]',8,1),(64,'2019-12-19 00:50:44.538624','53','Rose',1,'[{\"added\": {}}]',8,1),(65,'2019-12-19 00:50:55.952120','54','Sagat',1,'[{\"added\": {}}]',8,1),(66,'2019-12-19 00:51:05.134592','55','Sakura',1,'[{\"added\": {}}]',8,1),(67,'2019-12-19 00:51:18.003493','56','Sodom',1,'[{\"added\": {}}]',8,1),(68,'2019-12-19 00:51:25.811296','57','Vega',1,'[{\"added\": {}}]',8,1),(69,'2019-12-19 00:51:50.633809','58','Zangief',1,'[{\"added\": {}}]',8,1),(70,'2019-12-19 00:52:30.677769','49','Ken',2,'[{\"changed\": {\"fields\": [\"name\"]}}]',8,1),(71,'2019-12-19 01:32:16.874098','88','Ken',3,'',11,1),(72,'2019-12-19 01:32:16.875765','87','Ryu',3,'',11,1),(73,'2019-12-19 01:32:28.478321','7','test',3,'',15,1),(74,'2019-12-28 01:27:07.922332','718','Atma_  v/s Wirox',3,'',13,1),(75,'2019-12-28 01:27:07.924301','717','Atma_  v/s Wirox',3,'',13,1),(76,'2019-12-28 01:27:07.925268','716','Cami_chi  v/s knfe',3,'',13,1),(77,'2019-12-28 01:27:07.926108','715','Cami_chi  v/s knfe',3,'',13,1),(78,'2019-12-28 01:37:09.162196','721','Wirox  v/s Atma_',3,'',13,1),(79,'2019-12-28 01:37:09.163931','720','Wirox  v/s Atma_',3,'',13,1),(80,'2019-12-28 01:53:58.260111','726','Atma_  v/s Wirox',3,'',13,1),(81,'2019-12-28 01:53:58.262037','725','Atma_  v/s Wirox',3,'',13,1),(82,'2019-12-28 01:53:58.263349','724','Atma_  v/s Wirox',3,'',13,1),(83,'2019-12-28 01:53:58.264438','723','Wirox  v/s Atma_',3,'',13,1),(84,'2019-12-28 01:53:58.266753','722','Wirox  v/s Atma_',3,'',13,1),(85,'2019-12-28 01:53:58.271395','719','Wirox  v/s Atma_',3,'',13,1),(86,'2019-12-28 01:57:09.422335','67','sr.maty',2,'[{\"changed\": {\"fields\": [\"country\"]}}]',11,1),(87,'2019-12-28 02:01:15.074380','3','Uruguay',1,'[{\"added\": {}}]',16,1),(88,'2019-12-28 02:02:32.574969','76','NACIONAL 1899',2,'[{\"changed\": {\"fields\": [\"country\"]}}]',11,1),(89,'2019-12-28 02:02:52.629198','74','ParryPotter',2,'[{\"changed\": {\"fields\": [\"country\"]}}]',11,1),(90,'2019-12-28 02:03:02.322425','92','AlexWeak',2,'[{\"changed\": {\"fields\": [\"country\"]}}]',11,1),(91,'2019-12-28 02:03:18.154216','72','FaithlessCrusader',2,'[{\"changed\": {\"fields\": [\"country\"]}}]',11,1);
/*!40000 ALTER TABLE `django_admin_log` ENABLE KEYS */;
UNLOCK TABLES;

--
-- Table structure for table `django_content_type`
--

DROP TABLE IF EXISTS `django_content_type`;
/*!40101 SET @saved_cs_client     = @@character_set_client */;
/*!40101 SET character_set_client = utf8 */;
CREATE TABLE `django_content_type` (
  `id` int(11) NOT NULL AUTO_INCREMENT,
  `app_label` varchar(100) NOT NULL,
  `model` varchar(100) NOT NULL,
  PRIMARY KEY (`id`),
  UNIQUE KEY `django_content_type_app_label_model_76bd3d3b_uniq` (`app_label`,`model`)
) ENGINE=InnoDB AUTO_INCREMENT=19 DEFAULT CHARSET=latin1;
/*!40101 SET character_set_client = @saved_cs_client */;

--
-- Dumping data for table `django_content_type`
--

LOCK TABLES `django_content_type` WRITE;
/*!40000 ALTER TABLE `django_content_type` DISABLE KEYS */;
INSERT INTO `django_content_type` VALUES (1,'admin','logentry'),(7,'app','branch'),(8,'app','char'),(16,'app','country'),(14,'app','game'),(15,'app','league'),(9,'app','matchtype'),(18,'app','medal'),(17,'app','medaltype'),(10,'app','news'),(11,'app','player'),(13,'app','result'),(12,'app','tournament'),(3,'auth','group'),(2,'auth','permission'),(4,'auth','user'),(5,'contenttypes','contenttype'),(6,'sessions','session');
/*!40000 ALTER TABLE `django_content_type` ENABLE KEYS */;
UNLOCK TABLES;

--
-- Table structure for table `django_migrations`
--

DROP TABLE IF EXISTS `django_migrations`;
/*!40101 SET @saved_cs_client     = @@character_set_client */;
/*!40101 SET character_set_client = utf8 */;
CREATE TABLE `django_migrations` (
  `id` int(11) NOT NULL AUTO_INCREMENT,
  `app` varchar(255) NOT NULL,
  `name` varchar(255) NOT NULL,
  `applied` datetime(6) NOT NULL,
  PRIMARY KEY (`id`)
) ENGINE=InnoDB AUTO_INCREMENT=30 DEFAULT CHARSET=latin1;
/*!40101 SET character_set_client = @saved_cs_client */;

--
-- Dumping data for table `django_migrations`
--

LOCK TABLES `django_migrations` WRITE;
/*!40000 ALTER TABLE `django_migrations` DISABLE KEYS */;
INSERT INTO `django_migrations` VALUES (1,'contenttypes','0001_initial','2019-10-04 01:15:55.960484'),(2,'auth','0001_initial','2019-10-04 01:15:56.414924'),(3,'admin','0001_initial','2019-10-04 01:15:57.896097'),(4,'admin','0002_logentry_remove_auto_add','2019-10-04 01:15:58.254458'),(5,'admin','0003_logentry_add_action_flag_choices','2019-10-04 01:15:58.284485'),(6,'app','0001_initial','2019-10-04 01:15:58.824394'),(7,'contenttypes','0002_remove_content_type_name','2019-10-04 01:16:00.340792'),(8,'auth','0002_alter_permission_name_max_length','2019-10-04 01:16:00.372476'),(9,'auth','0003_alter_user_email_max_length','2019-10-04 01:16:00.415942'),(10,'auth','0004_alter_user_username_opts','2019-10-04 01:16:00.442701'),(11,'auth','0005_alter_user_last_login_null','2019-10-04 01:16:00.560799'),(12,'auth','0006_require_contenttypes_0002','2019-10-04 01:16:00.569601'),(13,'auth','0007_alter_validators_add_error_messages','2019-10-04 01:16:00.587944'),(14,'auth','0008_alter_user_username_max_length','2019-10-04 01:16:00.613339'),(15,'auth','0009_alter_user_last_name_max_length','2019-10-04 01:16:00.658531'),(16,'auth','0010_alter_group_name_max_length','2019-10-04 01:16:00.688381'),(17,'auth','0011_update_proxy_permissions','2019-10-04 01:16:00.713528'),(18,'sessions','0001_initial','2019-10-04 01:16:00.786940'),(19,'app','0002_auto_20191004_0219','2019-10-04 02:27:02.841380'),(20,'app','0003_auto_20191004_0223','2019-10-04 02:27:03.892934'),(21,'app','0004_auto_20191004_0229','2019-10-04 02:30:04.528988'),(22,'app','0005_auto_20191006_0409','2019-10-06 04:09:37.697528'),(23,'app','0006_auto_20191006_0538','2019-10-06 05:39:11.521952'),(24,'app','0002_auto_20191204_1742','2019-12-11 01:02:01.771875'),(25,'app','0003_remove_league_description','2019-12-11 01:02:01.815838'),(26,'app','0004_auto_20191210_1408','2019-12-11 01:02:01.828578'),(27,'app','0005_league_user','2019-12-11 01:02:01.879323'),(28,'app','0006_auto_20191219_0021','2019-12-19 00:25:13.787538'),(29,'app','0007_auto_20191227_2159','2019-12-27 22:00:31.470624');
/*!40000 ALTER TABLE `django_migrations` ENABLE KEYS */;
UNLOCK TABLES;

--
-- Table structure for table `django_session`
--

DROP TABLE IF EXISTS `django_session`;
/*!40101 SET @saved_cs_client     = @@character_set_client */;
/*!40101 SET character_set_client = utf8 */;
CREATE TABLE `django_session` (
  `session_key` varchar(40) NOT NULL,
  `session_data` longtext NOT NULL,
  `expire_date` datetime(6) NOT NULL,
  PRIMARY KEY (`session_key`),
  KEY `django_session_expire_date_a5c62663` (`expire_date`)
) ENGINE=InnoDB DEFAULT CHARSET=latin1;
/*!40101 SET character_set_client = @saved_cs_client */;

--
-- Dumping data for table `django_session`
--

LOCK TABLES `django_session` WRITE;
/*!40000 ALTER TABLE `django_session` DISABLE KEYS */;
INSERT INTO `django_session` VALUES ('09ccw4zddomtn8n6zeyr88gp4c819eif','MDUyMTcwZTlhNzQ3ZDBkZjM3Nzc1ZDNjMTA5OGJhM2QzMGYwYWUzOTp7Il9hdXRoX3VzZXJfaGFzaCI6ImNjZmE1OTg5ZWY1NTEzOWZlYTRlNzRhYzU2NDNmODQ4ZjNiNjM1MGYiLCJfYXV0aF91c2VyX2lkIjoiMSIsIl9hdXRoX3VzZXJfYmFja2VuZCI6ImRqYW5nby5jb250cmliLmF1dGguYmFja2VuZHMuTW9kZWxCYWNrZW5kIn0=','2020-04-26 19:59:33.290020'),('0ebz8oh9mut36ney9qer5dez3oxh126m','ZGFjNjYyM2IyZDA2MjU2OTgzZmY5YzIzZGVkYjVkNTRlZTVkNmYwMTp7Il9hdXRoX3VzZXJfaWQiOiIxIiwiX2F1dGhfdXNlcl9oYXNoIjoiY2NmYTU5ODllZjU1MTM5ZmVhNGU3NGFjNTY0M2Y4NDhmM2I2MzUwZiIsIl9hdXRoX3VzZXJfYmFja2VuZCI6ImRqYW5nby5jb250cmliLmF1dGguYmFja2VuZHMuTW9kZWxCYWNrZW5kIn0=','2020-04-30 18:01:59.839180'),('0yx3dgaybt3xr7t6nsamjaa8eq0g7aup','YTQ2MzgyYWUzNTRhNzA5OTY0NTVmY2M4YjAxNjZhYjBhYWQyMDZmYjp7Il9hdXRoX3VzZXJfaWQiOiI0IiwiX2F1dGhfdXNlcl9iYWNrZW5kIjoiZGphbmdvLmNvbnRyaWIuYXV0aC5iYWNrZW5kcy5Nb2RlbEJhY2tlbmQiLCJfYXV0aF91c2VyX2hhc2giOiJmZjVmYjlmMTUxMWEwNmFhNjk4ZGU0MGEyY2Q0MjI0MzA3ODk4MTFkIn0=','2020-02-02 00:41:49.938032'),('1auuoehaege7bgmhx97vq5dlm64cnq07','N2ZmYzQyY2M5ZWJjODIwNzMzNDliMDBjNGE0YmZhNjJhYTM2YzA0Yjp7Il9hdXRoX3VzZXJfaGFzaCI6ImNjZmE1OTg5ZWY1NTEzOWZlYTRlNzRhYzU2NDNmODQ4ZjNiNjM1MGYiLCJfYXV0aF91c2VyX2JhY2tlbmQiOiJkamFuZ28uY29udHJpYi5hdXRoLmJhY2tlbmRzLk1vZGVsQmFja2VuZCIsIl9hdXRoX3VzZXJfaWQiOiIxIn0=','2020-03-10 23:49:11.932921'),('2546ywrzepfjiop8vdxcgcckoalnwexb','MDEwNGZjZjA4YWZkN2JlMWFhZGNiZTE3NDJiNTE2YjFlNDZiMDk4MDp7Il9hdXRoX3VzZXJfYmFja2VuZCI6ImRqYW5nby5jb250cmliLmF1dGguYmFja2VuZHMuTW9kZWxCYWNrZW5kIiwiX2F1dGhfdXNlcl9oYXNoIjoiY2NmYTU5ODllZjU1MTM5ZmVhNGU3NGFjNTY0M2Y4NDhmM2I2MzUwZiIsIl9hdXRoX3VzZXJfaWQiOiIxIn0=','2020-05-16 05:55:23.336249'),('2gn59d2zuwlhulmv6erzwl5pahy8r63x','MDEwNGZjZjA4YWZkN2JlMWFhZGNiZTE3NDJiNTE2YjFlNDZiMDk4MDp7Il9hdXRoX3VzZXJfYmFja2VuZCI6ImRqYW5nby5jb250cmliLmF1dGguYmFja2VuZHMuTW9kZWxCYWNrZW5kIiwiX2F1dGhfdXNlcl9oYXNoIjoiY2NmYTU5ODllZjU1MTM5ZmVhNGU3NGFjNTY0M2Y4NDhmM2I2MzUwZiIsIl9hdXRoX3VzZXJfaWQiOiIxIn0=','2020-04-02 05:06:28.555866'),('2m8fcj21w0oeug02v1wxclvvn4qxep6l','MzIwOTJmMmI3NmYxZGM3NGUxMDhiYmNjYmU3ODI0MGY2MjVhNmMzMTp7Il9hdXRoX3VzZXJfYmFja2VuZCI6ImRqYW5nby5jb250cmliLmF1dGguYmFja2VuZHMuTW9kZWxCYWNrZW5kIiwiX2F1dGhfdXNlcl9oYXNoIjoiZGM4ZDljN2Y0ZjZlY2U5Y2Q5Yjg2ODgzMjIzMzhkN2NlNWQxZWMzZSIsIl9hdXRoX3VzZXJfaWQiOiIxMSJ9','2020-01-09 22:55:48.520359'),('3yoq9ibmtc9y92kndbgylvevw2vrgw0y','MWU0M2RhMjZjNmE5MmU3ZDNhMzZmM2I3MGVjZGVkYzdmNTI4NzJiZDp7Il9hdXRoX3VzZXJfaGFzaCI6ImZmNWZiOWYxNTExYTA2YWE2OThkZTQwYTJjZDQyMjQzMDc4OTgxMWQiLCJfYXV0aF91c2VyX2lkIjoiNCIsIl9hdXRoX3VzZXJfYmFja2VuZCI6ImRqYW5nby5jb250cmliLmF1dGguYmFja2VuZHMuTW9kZWxCYWNrZW5kIn0=','2019-12-31 01:15:56.287677'),('4gkkn2omst36olr5ka96b5icn0q9txgv','Y2NhOTlhYTkwMjU3YTkyNTAwNmRlM2U0N2M3M2RjMTBhYWFiMGNlNjp7Il9hdXRoX3VzZXJfYmFja2VuZCI6ImRqYW5nby5jb250cmliLmF1dGguYmFja2VuZHMuTW9kZWxCYWNrZW5kIiwiX2F1dGhfdXNlcl9pZCI6IjEiLCJfYXV0aF91c2VyX2hhc2giOiJjY2ZhNTk4OWVmNTUxMzlmZWE0ZTc0YWM1NjQzZjg0OGYzYjYzNTBmIn0=','2020-03-27 04:39:19.414691'),('4j9vdygqkvl39pyy8jqojqr47usy6pq9','ZGFjNjYyM2IyZDA2MjU2OTgzZmY5YzIzZGVkYjVkNTRlZTVkNmYwMTp7Il9hdXRoX3VzZXJfaWQiOiIxIiwiX2F1dGhfdXNlcl9oYXNoIjoiY2NmYTU5ODllZjU1MTM5ZmVhNGU3NGFjNTY0M2Y4NDhmM2I2MzUwZiIsIl9hdXRoX3VzZXJfYmFja2VuZCI6ImRqYW5nby5jb250cmliLmF1dGguYmFja2VuZHMuTW9kZWxCYWNrZW5kIn0=','2020-05-12 03:08:53.248442'),('53bg3upwqxu5s25wbfo9cnnd8rm1rd9m','MDUyMTcwZTlhNzQ3ZDBkZjM3Nzc1ZDNjMTA5OGJhM2QzMGYwYWUzOTp7Il9hdXRoX3VzZXJfaGFzaCI6ImNjZmE1OTg5ZWY1NTEzOWZlYTRlNzRhYzU2NDNmODQ4ZjNiNjM1MGYiLCJfYXV0aF91c2VyX2lkIjoiMSIsIl9hdXRoX3VzZXJfYmFja2VuZCI6ImRqYW5nby5jb250cmliLmF1dGguYmFja2VuZHMuTW9kZWxCYWNrZW5kIn0=','2020-02-21 01:47:41.398169'),('5h0yv9xvlgygerbk4y6fuvmkgiycv9kb','ZGFjNjYyM2IyZDA2MjU2OTgzZmY5YzIzZGVkYjVkNTRlZTVkNmYwMTp7Il9hdXRoX3VzZXJfaWQiOiIxIiwiX2F1dGhfdXNlcl9oYXNoIjoiY2NmYTU5ODllZjU1MTM5ZmVhNGU3NGFjNTY0M2Y4NDhmM2I2MzUwZiIsIl9hdXRoX3VzZXJfYmFja2VuZCI6ImRqYW5nby5jb250cmliLmF1dGguYmFja2VuZHMuTW9kZWxCYWNrZW5kIn0=','2020-01-30 02:15:09.258547'),('6kgtowqhdo2uc5mf04ia9gocvp15djga','ZGFjNjYyM2IyZDA2MjU2OTgzZmY5YzIzZGVkYjVkNTRlZTVkNmYwMTp7Il9hdXRoX3VzZXJfaWQiOiIxIiwiX2F1dGhfdXNlcl9oYXNoIjoiY2NmYTU5ODllZjU1MTM5ZmVhNGU3NGFjNTY0M2Y4NDhmM2I2MzUwZiIsIl9hdXRoX3VzZXJfYmFja2VuZCI6ImRqYW5nby5jb250cmliLmF1dGguYmFja2VuZHMuTW9kZWxCYWNrZW5kIn0=','2020-05-08 00:49:46.585904'),('6mxhn4mc175oedrq8t03kw3flm8gy5lz','Y2NhOTlhYTkwMjU3YTkyNTAwNmRlM2U0N2M3M2RjMTBhYWFiMGNlNjp7Il9hdXRoX3VzZXJfYmFja2VuZCI6ImRqYW5nby5jb250cmliLmF1dGguYmFja2VuZHMuTW9kZWxCYWNrZW5kIiwiX2F1dGhfdXNlcl9pZCI6IjEiLCJfYXV0aF91c2VyX2hhc2giOiJjY2ZhNTk4OWVmNTUxMzlmZWE0ZTc0YWM1NjQzZjg0OGYzYjYzNTBmIn0=','2020-01-06 01:52:09.927387'),('6ulzeco9ht9ftunilya0w5bm7z7wnq6u','NmEyNTg5NzVjZTRlMmQ1MmNjNjM1ZWYyNjdiYzc3YzJlOWM5ZDNkZDp7Il9hdXRoX3VzZXJfaGFzaCI6IjJlNWNmZmZiMDA1NTVhMTg3YWM5ODRlZWFmYWQ5MmY2NTM2OTk4OGUiLCJfYXV0aF91c2VyX2lkIjoiMTYiLCJfYXV0aF91c2VyX2JhY2tlbmQiOiJkamFuZ28uY29udHJpYi5hdXRoLmJhY2tlbmRzLk1vZGVsQmFja2VuZCJ9','2020-04-27 02:20:31.071843'),('777knqncenhfo0atnbtds96r5hwyin3t','NzcxMGNhODNhYjRlNWMyNThiYzZmODViMjEzMjkwNjIyMDNmMzM2ZDp7Il9hdXRoX3VzZXJfaWQiOiIxIiwiX2F1dGhfdXNlcl9iYWNrZW5kIjoiZGphbmdvLmNvbnRyaWIuYXV0aC5iYWNrZW5kcy5Nb2RlbEJhY2tlbmQiLCJfYXV0aF91c2VyX2hhc2giOiJjY2ZhNTk4OWVmNTUxMzlmZWE0ZTc0YWM1NjQzZjg0OGYzYjYzNTBmIn0=','2019-10-18 01:22:41.486261'),('7glqh7xb6t11iofhqbjysfpr8xzolp2w','ZjBhZGQxMzM2OTI0NWY1ODQ0ZTRmNTczYzMwYzUwNDU2NzgzODhlODp7Il9hdXRoX3VzZXJfYmFja2VuZCI6ImRqYW5nby5jb250cmliLmF1dGguYmFja2VuZHMuTW9kZWxCYWNrZW5kIiwiX2F1dGhfdXNlcl9oYXNoIjoiMmU1Y2ZmZmIwMDU1NWExODdhYzk4NGVlYWZhZDkyZjY1MzY5OTg4ZSIsIl9hdXRoX3VzZXJfaWQiOiIxNiJ9','2020-04-18 17:13:26.635912'),('7yqxnwcwu9z91y3u0nwd820tfc7u790s','OWFjNDYxMzhlY2E5NjU4MjVhYTMxOWIxNjNlNDk2ODMxNzY3NjJmZDp7Il9hdXRoX3VzZXJfaGFzaCI6IjczNDA2MTY0MDJjNTQzNjEzMjFmNmY5NTYxNjk1ZWQxYTQ5OWM2NzkiLCJfYXV0aF91c2VyX2JhY2tlbmQiOiJkamFuZ28uY29udHJpYi5hdXRoLmJhY2tlbmRzLk1vZGVsQmFja2VuZCIsIl9hdXRoX3VzZXJfaWQiOiI1In0=','2019-12-28 20:55:29.761075'),('9v1yon4f28g1gptr5ek77ee1ptuqgke0','MWJjODQxMzc0NjQxMzFjMmJmMzI1MDYzNzQ4M2M5MWNkZTBkNTA5YTp7Il9hdXRoX3VzZXJfYmFja2VuZCI6ImRqYW5nby5jb250cmliLmF1dGguYmFja2VuZHMuTW9kZWxCYWNrZW5kIiwiX2F1dGhfdXNlcl9oYXNoIjoiYTk3ZWJjZGFkYWY4ZmM0ODVkZGNmMGYzNjlhMTA1MWIxYThkYmRiOCIsIl9hdXRoX3VzZXJfaWQiOiIxNSJ9','2020-04-10 03:51:51.366423'),('b5nf1cwjmzi6v6xod9zb52tu4vko0coy','NzcxMGNhODNhYjRlNWMyNThiYzZmODViMjEzMjkwNjIyMDNmMzM2ZDp7Il9hdXRoX3VzZXJfaWQiOiIxIiwiX2F1dGhfdXNlcl9iYWNrZW5kIjoiZGphbmdvLmNvbnRyaWIuYXV0aC5iYWNrZW5kcy5Nb2RlbEJhY2tlbmQiLCJfYXV0aF91c2VyX2hhc2giOiJjY2ZhNTk4OWVmNTUxMzlmZWE0ZTc0YWM1NjQzZjg0OGYzYjYzNTBmIn0=','2020-01-10 23:22:32.348036'),('c2iomcffvvyvsh9ynbdwot4h8hlidzdz','NzcxMGNhODNhYjRlNWMyNThiYzZmODViMjEzMjkwNjIyMDNmMzM2ZDp7Il9hdXRoX3VzZXJfaWQiOiIxIiwiX2F1dGhfdXNlcl9iYWNrZW5kIjoiZGphbmdvLmNvbnRyaWIuYXV0aC5iYWNrZW5kcy5Nb2RlbEJhY2tlbmQiLCJfYXV0aF91c2VyX2hhc2giOiJjY2ZhNTk4OWVmNTUxMzlmZWE0ZTc0YWM1NjQzZjg0OGYzYjYzNTBmIn0=','2019-12-25 02:10:46.881999'),('d8wg4ja9fi3ksrzwpodvka3izg5m70f2','YTQ2MzgyYWUzNTRhNzA5OTY0NTVmY2M4YjAxNjZhYjBhYWQyMDZmYjp7Il9hdXRoX3VzZXJfaWQiOiI0IiwiX2F1dGhfdXNlcl9iYWNrZW5kIjoiZGphbmdvLmNvbnRyaWIuYXV0aC5iYWNrZW5kcy5Nb2RlbEJhY2tlbmQiLCJfYXV0aF91c2VyX2hhc2giOiJmZjVmYjlmMTUxMWEwNmFhNjk4ZGU0MGEyY2Q0MjI0MzA3ODk4MTFkIn0=','2019-12-31 20:38:55.368954'),('dkmswwe8v1539904pnbvmxagh9y3sygp','ZGFjNjYyM2IyZDA2MjU2OTgzZmY5YzIzZGVkYjVkNTRlZTVkNmYwMTp7Il9hdXRoX3VzZXJfaWQiOiIxIiwiX2F1dGhfdXNlcl9oYXNoIjoiY2NmYTU5ODllZjU1MTM5ZmVhNGU3NGFjNTY0M2Y4NDhmM2I2MzUwZiIsIl9hdXRoX3VzZXJfYmFja2VuZCI6ImRqYW5nby5jb250cmliLmF1dGguYmFja2VuZHMuTW9kZWxCYWNrZW5kIn0=','2020-04-18 04:24:56.078007'),('dspt24crzcoc6dm5l0ffs6ldp0eauma7','MDUyMTcwZTlhNzQ3ZDBkZjM3Nzc1ZDNjMTA5OGJhM2QzMGYwYWUzOTp7Il9hdXRoX3VzZXJfaGFzaCI6ImNjZmE1OTg5ZWY1NTEzOWZlYTRlNzRhYzU2NDNmODQ4ZjNiNjM1MGYiLCJfYXV0aF91c2VyX2lkIjoiMSIsIl9hdXRoX3VzZXJfYmFja2VuZCI6ImRqYW5nby5jb250cmliLmF1dGguYmFja2VuZHMuTW9kZWxCYWNrZW5kIn0=','2020-01-17 20:11:43.304587'),('dykpy4yo2ce2txaom272tzsbubpgxlum','YjllNjA0YWVkZTY4YTI3N2E2MTEwMDY2Njc4N2UwMzZlMWYyM2U4NTp7Il9hdXRoX3VzZXJfYmFja2VuZCI6ImRqYW5nby5jb250cmliLmF1dGguYmFja2VuZHMuTW9kZWxCYWNrZW5kIiwiX2F1dGhfdXNlcl9pZCI6IjE4IiwiX2F1dGhfdXNlcl9oYXNoIjoiMzEyMzUxMmFhYzQ5NTE3ODU3MjVhOGZmNzZmZThmZjgxNmU4ZjBkZiJ9','2020-05-17 06:51:38.157362'),('ec2c33iffr2sxn7e3pqrk1zv6kid3egn','NmMwZTZjZjczNWU0MzQyYTgxZWQwOTA2ZmU0YmU3YjI3MWYwZDYyNDp7Il9hdXRoX3VzZXJfaWQiOiI3IiwiX2F1dGhfdXNlcl9iYWNrZW5kIjoiZGphbmdvLmNvbnRyaWIuYXV0aC5iYWNrZW5kcy5Nb2RlbEJhY2tlbmQiLCJfYXV0aF91c2VyX2hhc2giOiJiNDgyYjhiYjY1NDQyMjhkODlkOTA0YTQwYWZmMDYyZDVhNDY0MzdiIn0=','2020-01-05 05:49:03.217793'),('eod8z5v6gibvi7edbp5s19e9uiwq17dx','MTRkMWNlYmI2YTllNzIwMzdhYzFiODE2MDc4ZDJhMTEyMzRmNWRiOTp7Il9hdXRoX3VzZXJfYmFja2VuZCI6ImRqYW5nby5jb250cmliLmF1dGguYmFja2VuZHMuTW9kZWxCYWNrZW5kIiwiX2F1dGhfdXNlcl9oYXNoIjoiZmY1ZmI5ZjE1MTFhMDZhYTY5OGRlNDBhMmNkNDIyNDMwNzg5ODExZCIsIl9hdXRoX3VzZXJfaWQiOiI0In0=','2020-01-10 01:28:39.281306'),('ewznrbce3u4p4fc8qpn3pucvsnw3ioel','MDEwNGZjZjA4YWZkN2JlMWFhZGNiZTE3NDJiNTE2YjFlNDZiMDk4MDp7Il9hdXRoX3VzZXJfYmFja2VuZCI6ImRqYW5nby5jb250cmliLmF1dGguYmFja2VuZHMuTW9kZWxCYWNrZW5kIiwiX2F1dGhfdXNlcl9oYXNoIjoiY2NmYTU5ODllZjU1MTM5ZmVhNGU3NGFjNTY0M2Y4NDhmM2I2MzUwZiIsIl9hdXRoX3VzZXJfaWQiOiIxIn0=','2020-05-10 01:34:54.551437'),('expjqldimh3ie1i7qgvpchoc4mlpnikn','NzcxMGNhODNhYjRlNWMyNThiYzZmODViMjEzMjkwNjIyMDNmMzM2ZDp7Il9hdXRoX3VzZXJfaWQiOiIxIiwiX2F1dGhfdXNlcl9iYWNrZW5kIjoiZGphbmdvLmNvbnRyaWIuYXV0aC5iYWNrZW5kcy5Nb2RlbEJhY2tlbmQiLCJfYXV0aF91c2VyX2hhc2giOiJjY2ZhNTk4OWVmNTUxMzlmZWE0ZTc0YWM1NjQzZjg0OGYzYjYzNTBmIn0=','2019-11-16 02:36:38.932922'),('exvyfoq756ivvbe83vgqwmlobv2x80y1','N2ZmYzQyY2M5ZWJjODIwNzMzNDliMDBjNGE0YmZhNjJhYTM2YzA0Yjp7Il9hdXRoX3VzZXJfaGFzaCI6ImNjZmE1OTg5ZWY1NTEzOWZlYTRlNzRhYzU2NDNmODQ4ZjNiNjM1MGYiLCJfYXV0aF91c2VyX2JhY2tlbmQiOiJkamFuZ28uY29udHJpYi5hdXRoLmJhY2tlbmRzLk1vZGVsQmFja2VuZCIsIl9hdXRoX3VzZXJfaWQiOiIxIn0=','2019-12-17 12:50:57.970966'),('fik0qlz5pfvtaucoal82uuax7tpeecro','MDUyMTcwZTlhNzQ3ZDBkZjM3Nzc1ZDNjMTA5OGJhM2QzMGYwYWUzOTp7Il9hdXRoX3VzZXJfaGFzaCI6ImNjZmE1OTg5ZWY1NTEzOWZlYTRlNzRhYzU2NDNmODQ4ZjNiNjM1MGYiLCJfYXV0aF91c2VyX2lkIjoiMSIsIl9hdXRoX3VzZXJfYmFja2VuZCI6ImRqYW5nby5jb250cmliLmF1dGguYmFja2VuZHMuTW9kZWxCYWNrZW5kIn0=','2020-05-04 04:03:30.013434'),('fpo5q2dyz7mwdijhbcctwvbwlvstnnt2','YTAzMGI5YjA0NjcyYmUyOThlZDJhNDE2MWZmYTc4OTI5YjBiYmVmMTp7Il9hdXRoX3VzZXJfYmFja2VuZCI6ImRqYW5nby5jb250cmliLmF1dGguYmFja2VuZHMuTW9kZWxCYWNrZW5kIiwiX2F1dGhfdXNlcl9oYXNoIjoiNWU1YzI5YzBmMTBkNGQzODk4OWRhNDkyMDk3ODJjZmFlNjdmYmYyYyIsIl9hdXRoX3VzZXJfaWQiOiIxNCJ9','2020-01-24 18:31:59.920172'),('g1mvp3lvstwnec1j4v2h57mbxdq8xy8m','ZDk2NDI3M2ZlM2I5MTA2ZDQ2M2EzYzE2ZTE4MDMxODhkNWE2NWFiODp7Il9hdXRoX3VzZXJfaGFzaCI6ImVlZmYyZGQ2OGRjZTQyYTc5NDMyZDkxNzkwNDViZDhkYWVkNDVjMzMiLCJfYXV0aF91c2VyX2lkIjoiMTAiLCJfYXV0aF91c2VyX2JhY2tlbmQiOiJkamFuZ28uY29udHJpYi5hdXRoLmJhY2tlbmRzLk1vZGVsQmFja2VuZCJ9','2020-01-07 05:43:18.389291'),('g4v81jr91x49zks1poiauzwqvet0mtl1','NGQ0OWQ5NDcyOWQ3YjA0ZTNhZDFlZGE3YmNhZmY5Y2IzZDc1M2Y5YTp7Il9hdXRoX3VzZXJfaWQiOiIxMSIsIl9hdXRoX3VzZXJfaGFzaCI6ImRjOGQ5YzdmNGY2ZWNlOWNkOWI4Njg4MzIyMzM4ZDdjZTVkMWVjM2UiLCJfYXV0aF91c2VyX2JhY2tlbmQiOiJkamFuZ28uY29udHJpYi5hdXRoLmJhY2tlbmRzLk1vZGVsQmFja2VuZCJ9','2020-01-09 14:24:12.820421'),('ggrumhr3vltkdmihyi6xg070o881zedo','MDEwNGZjZjA4YWZkN2JlMWFhZGNiZTE3NDJiNTE2YjFlNDZiMDk4MDp7Il9hdXRoX3VzZXJfYmFja2VuZCI6ImRqYW5nby5jb250cmliLmF1dGguYmFja2VuZHMuTW9kZWxCYWNrZW5kIiwiX2F1dGhfdXNlcl9oYXNoIjoiY2NmYTU5ODllZjU1MTM5ZmVhNGU3NGFjNTY0M2Y4NDhmM2I2MzUwZiIsIl9hdXRoX3VzZXJfaWQiOiIxIn0=','2020-01-20 23:45:19.262481'),('gtaxxz13tev9g3nekn31kpssuit8r0qg','ZTUwOWYxZWM4ZDMzZTY4ZGIwYWY2MzRmYzBlM2E2NjdhMjQyM2Q0Mzp7Il9hdXRoX3VzZXJfYmFja2VuZCI6ImRqYW5nby5jb250cmliLmF1dGguYmFja2VuZHMuTW9kZWxCYWNrZW5kIiwiX2F1dGhfdXNlcl9pZCI6IjgiLCJfYXV0aF91c2VyX2hhc2giOiI1OTY4OTAxNjc2YjRkZTZhMjY4NWY0YzQ4OTYxYzEzNmM0MDUxZjJiIn0=','2020-01-01 18:56:22.270937'),('gtq8z5xawhgvomwfhe1q62bmib9h5uts','MWFlNzE4MzJkZDUyMDQyMjFiNDBkNDMxNjU5NGY0NWJkZTZjMTU5Nzp7Il9hdXRoX3VzZXJfYmFja2VuZCI6ImRqYW5nby5jb250cmliLmF1dGguYmFja2VuZHMuTW9kZWxCYWNrZW5kIiwiX2F1dGhfdXNlcl9pZCI6IjQiLCJfYXV0aF91c2VyX2hhc2giOiJmZjVmYjlmMTUxMWEwNmFhNjk4ZGU0MGEyY2Q0MjI0MzA3ODk4MTFkIn0=','2020-01-16 04:04:17.537246'),('h2t2ew0elkev50akx2v0xkie1b30nxvk','NzcxMGNhODNhYjRlNWMyNThiYzZmODViMjEzMjkwNjIyMDNmMzM2ZDp7Il9hdXRoX3VzZXJfaWQiOiIxIiwiX2F1dGhfdXNlcl9iYWNrZW5kIjoiZGphbmdvLmNvbnRyaWIuYXV0aC5iYWNrZW5kcy5Nb2RlbEJhY2tlbmQiLCJfYXV0aF91c2VyX2hhc2giOiJjY2ZhNTk4OWVmNTUxMzlmZWE0ZTc0YWM1NjQzZjg0OGYzYjYzNTBmIn0=','2020-02-07 22:12:11.954584'),('hirrtoctj77alzv781zfqgyfzmhnifrv','ZGFjNjYyM2IyZDA2MjU2OTgzZmY5YzIzZGVkYjVkNTRlZTVkNmYwMTp7Il9hdXRoX3VzZXJfaWQiOiIxIiwiX2F1dGhfdXNlcl9oYXNoIjoiY2NmYTU5ODllZjU1MTM5ZmVhNGU3NGFjNTY0M2Y4NDhmM2I2MzUwZiIsIl9hdXRoX3VzZXJfYmFja2VuZCI6ImRqYW5nby5jb250cmliLmF1dGguYmFja2VuZHMuTW9kZWxCYWNrZW5kIn0=','2020-02-06 15:41:57.567509'),('jbr9lv3y6enh94y0uzy5dn99nxmnjmz8','Y2NhOTlhYTkwMjU3YTkyNTAwNmRlM2U0N2M3M2RjMTBhYWFiMGNlNjp7Il9hdXRoX3VzZXJfYmFja2VuZCI6ImRqYW5nby5jb250cmliLmF1dGguYmFja2VuZHMuTW9kZWxCYWNrZW5kIiwiX2F1dGhfdXNlcl9pZCI6IjEiLCJfYXV0aF91c2VyX2hhc2giOiJjY2ZhNTk4OWVmNTUxMzlmZWE0ZTc0YWM1NjQzZjg0OGYzYjYzNTBmIn0=','2019-12-19 04:36:29.953634'),('jgvimtjoawmsset8rxs7szhzb4d6igjc','NmMwZTZjZjczNWU0MzQyYTgxZWQwOTA2ZmU0YmU3YjI3MWYwZDYyNDp7Il9hdXRoX3VzZXJfaWQiOiI3IiwiX2F1dGhfdXNlcl9iYWNrZW5kIjoiZGphbmdvLmNvbnRyaWIuYXV0aC5iYWNrZW5kcy5Nb2RlbEJhY2tlbmQiLCJfYXV0aF91c2VyX2hhc2giOiJiNDgyYjhiYjY1NDQyMjhkODlkOTA0YTQwYWZmMDYyZDVhNDY0MzdiIn0=','2019-12-31 19:12:23.033792'),('jrcbfj2mai0wzm5yz5dwcatka8lvwvg2','MWU0M2RhMjZjNmE5MmU3ZDNhMzZmM2I3MGVjZGVkYzdmNTI4NzJiZDp7Il9hdXRoX3VzZXJfaGFzaCI6ImZmNWZiOWYxNTExYTA2YWE2OThkZTQwYTJjZDQyMjQzMDc4OTgxMWQiLCJfYXV0aF91c2VyX2lkIjoiNCIsIl9hdXRoX3VzZXJfYmFja2VuZCI6ImRqYW5nby5jb250cmliLmF1dGguYmFja2VuZHMuTW9kZWxCYWNrZW5kIn0=','2020-01-31 20:13:19.960419'),('kf4wg1dwanb5wtq1u810113ann3pwtlp','ZGFjNjYyM2IyZDA2MjU2OTgzZmY5YzIzZGVkYjVkNTRlZTVkNmYwMTp7Il9hdXRoX3VzZXJfaWQiOiIxIiwiX2F1dGhfdXNlcl9oYXNoIjoiY2NmYTU5ODllZjU1MTM5ZmVhNGU3NGFjNTY0M2Y4NDhmM2I2MzUwZiIsIl9hdXRoX3VzZXJfYmFja2VuZCI6ImRqYW5nby5jb250cmliLmF1dGguYmFja2VuZHMuTW9kZWxCYWNrZW5kIn0=','2020-04-13 21:48:02.373586'),('kw7516jg42hx43znci6khgqibrsqggka','NzcxMGNhODNhYjRlNWMyNThiYzZmODViMjEzMjkwNjIyMDNmMzM2ZDp7Il9hdXRoX3VzZXJfaWQiOiIxIiwiX2F1dGhfdXNlcl9iYWNrZW5kIjoiZGphbmdvLmNvbnRyaWIuYXV0aC5iYWNrZW5kcy5Nb2RlbEJhY2tlbmQiLCJfYXV0aF91c2VyX2hhc2giOiJjY2ZhNTk4OWVmNTUxMzlmZWE0ZTc0YWM1NjQzZjg0OGYzYjYzNTBmIn0=','2019-12-18 02:11:25.683780'),('lhr7ankgrsuzsytjefq39og7mkvtl764','NzcxMGNhODNhYjRlNWMyNThiYzZmODViMjEzMjkwNjIyMDNmMzM2ZDp7Il9hdXRoX3VzZXJfaWQiOiIxIiwiX2F1dGhfdXNlcl9iYWNrZW5kIjoiZGphbmdvLmNvbnRyaWIuYXV0aC5iYWNrZW5kcy5Nb2RlbEJhY2tlbmQiLCJfYXV0aF91c2VyX2hhc2giOiJjY2ZhNTk4OWVmNTUxMzlmZWE0ZTc0YWM1NjQzZjg0OGYzYjYzNTBmIn0=','2019-12-17 01:38:17.954858'),('m528a9oe90uo6cedj03tc2lat1ev6h0g','NDA0ODRjYjM5YTdkZjYzYjVjZGM3Y2ZiYzNkZWM1MTliM2NlMjYyMDp7Il9hdXRoX3VzZXJfYmFja2VuZCI6ImRqYW5nby5jb250cmliLmF1dGguYmFja2VuZHMuTW9kZWxCYWNrZW5kIiwiX2F1dGhfdXNlcl9pZCI6IjE2IiwiX2F1dGhfdXNlcl9oYXNoIjoiMmU1Y2ZmZmIwMDU1NWExODdhYzk4NGVlYWZhZDkyZjY1MzY5OTg4ZSJ9','2020-05-18 00:16:00.911844'),('niqct9fnbk6p1xkp35af1m2yifciyzc7','ODNkYTUxY2RjOGZhMWZjNDgyZGUwNjBkZWYxNTk0OWNiMmM2OGY3MDp7Il9hdXRoX3VzZXJfaGFzaCI6ImZmNWZiOWYxNTExYTA2YWE2OThkZTQwYTJjZDQyMjQzMDc4OTgxMWQiLCJfYXV0aF91c2VyX2JhY2tlbmQiOiJkamFuZ28uY29udHJpYi5hdXRoLmJhY2tlbmRzLk1vZGVsQmFja2VuZCIsIl9hdXRoX3VzZXJfaWQiOiI0In0=','2019-12-28 18:49:50.728406'),('o9fptoyvaozehi9uhzw6lqnmm5nxo4bh','ZGFjNjYyM2IyZDA2MjU2OTgzZmY5YzIzZGVkYjVkNTRlZTVkNmYwMTp7Il9hdXRoX3VzZXJfaWQiOiIxIiwiX2F1dGhfdXNlcl9oYXNoIjoiY2NmYTU5ODllZjU1MTM5ZmVhNGU3NGFjNTY0M2Y4NDhmM2I2MzUwZiIsIl9hdXRoX3VzZXJfYmFja2VuZCI6ImRqYW5nby5jb250cmliLmF1dGguYmFja2VuZHMuTW9kZWxCYWNrZW5kIn0=','2020-04-22 02:19:04.087655'),('owx047kepbx0xksvmkp3ifallj1e8alw','NzcxMGNhODNhYjRlNWMyNThiYzZmODViMjEzMjkwNjIyMDNmMzM2ZDp7Il9hdXRoX3VzZXJfaWQiOiIxIiwiX2F1dGhfdXNlcl9iYWNrZW5kIjoiZGphbmdvLmNvbnRyaWIuYXV0aC5iYWNrZW5kcy5Nb2RlbEJhY2tlbmQiLCJfYXV0aF91c2VyX2hhc2giOiJjY2ZhNTk4OWVmNTUxMzlmZWE0ZTc0YWM1NjQzZjg0OGYzYjYzNTBmIn0=','2019-12-31 18:59:10.497090'),('p22be0ggl241u2pxx3uy4tcvdezxffmh','NzcxMGNhODNhYjRlNWMyNThiYzZmODViMjEzMjkwNjIyMDNmMzM2ZDp7Il9hdXRoX3VzZXJfaWQiOiIxIiwiX2F1dGhfdXNlcl9iYWNrZW5kIjoiZGphbmdvLmNvbnRyaWIuYXV0aC5iYWNrZW5kcy5Nb2RlbEJhY2tlbmQiLCJfYXV0aF91c2VyX2hhc2giOiJjY2ZhNTk4OWVmNTUxMzlmZWE0ZTc0YWM1NjQzZjg0OGYzYjYzNTBmIn0=','2019-12-25 03:50:05.799783'),('pelbasuu2hyco0jnqijye3n44ia6cgf2','OTQ0YTMyNzU3OTg3NDI3YTA3ZjZiZjE2YzY1MDY5M2I2MDk1NTkxMTp7Il9hdXRoX3VzZXJfaWQiOiIxNyIsIl9hdXRoX3VzZXJfYmFja2VuZCI6ImRqYW5nby5jb250cmliLmF1dGguYmFja2VuZHMuTW9kZWxCYWNrZW5kIiwiX2F1dGhfdXNlcl9oYXNoIjoiNTE5YzkwYzMwYmU5MWFjMWU2MmRkNzM3NTNkNjViZDE2MDc1NDNlZCJ9','2020-05-12 19:00:58.607205'),('pg9vgzkjx3gh5n8drq73tjsusk4wvhqo','N2ZmYzQyY2M5ZWJjODIwNzMzNDliMDBjNGE0YmZhNjJhYTM2YzA0Yjp7Il9hdXRoX3VzZXJfaGFzaCI6ImNjZmE1OTg5ZWY1NTEzOWZlYTRlNzRhYzU2NDNmODQ4ZjNiNjM1MGYiLCJfYXV0aF91c2VyX2JhY2tlbmQiOiJkamFuZ28uY29udHJpYi5hdXRoLmJhY2tlbmRzLk1vZGVsQmFja2VuZCIsIl9hdXRoX3VzZXJfaWQiOiIxIn0=','2020-04-12 16:57:00.290673'),('qlz72dtwvv0corjpuxeik3wu5wf5lxyh','Y2NhOTlhYTkwMjU3YTkyNTAwNmRlM2U0N2M3M2RjMTBhYWFiMGNlNjp7Il9hdXRoX3VzZXJfYmFja2VuZCI6ImRqYW5nby5jb250cmliLmF1dGguYmFja2VuZHMuTW9kZWxCYWNrZW5kIiwiX2F1dGhfdXNlcl9pZCI6IjEiLCJfYXV0aF91c2VyX2hhc2giOiJjY2ZhNTk4OWVmNTUxMzlmZWE0ZTc0YWM1NjQzZjg0OGYzYjYzNTBmIn0=','2020-02-22 21:00:20.590699'),('qsahumuzh7rl12hu78bh83pdd59xpqeo','N2ZmYzQyY2M5ZWJjODIwNzMzNDliMDBjNGE0YmZhNjJhYTM2YzA0Yjp7Il9hdXRoX3VzZXJfaGFzaCI6ImNjZmE1OTg5ZWY1NTEzOWZlYTRlNzRhYzU2NDNmODQ4ZjNiNjM1MGYiLCJfYXV0aF91c2VyX2JhY2tlbmQiOiJkamFuZ28uY29udHJpYi5hdXRoLmJhY2tlbmRzLk1vZGVsQmFja2VuZCIsIl9hdXRoX3VzZXJfaWQiOiIxIn0=','2019-12-29 02:44:09.497809'),('raeignopgppimaf3rj1zn76sg00thdzy','N2ZmYzQyY2M5ZWJjODIwNzMzNDliMDBjNGE0YmZhNjJhYTM2YzA0Yjp7Il9hdXRoX3VzZXJfaGFzaCI6ImNjZmE1OTg5ZWY1NTEzOWZlYTRlNzRhYzU2NDNmODQ4ZjNiNjM1MGYiLCJfYXV0aF91c2VyX2JhY2tlbmQiOiJkamFuZ28uY29udHJpYi5hdXRoLmJhY2tlbmRzLk1vZGVsQmFja2VuZCIsIl9hdXRoX3VzZXJfaWQiOiIxIn0=','2020-04-26 01:29:52.150140'),('rf69k0b7mgmkzbn6bnrjc56xw9tbh0x8','N2ZmYzQyY2M5ZWJjODIwNzMzNDliMDBjNGE0YmZhNjJhYTM2YzA0Yjp7Il9hdXRoX3VzZXJfaGFzaCI6ImNjZmE1OTg5ZWY1NTEzOWZlYTRlNzRhYzU2NDNmODQ4ZjNiNjM1MGYiLCJfYXV0aF91c2VyX2JhY2tlbmQiOiJkamFuZ28uY29udHJpYi5hdXRoLmJhY2tlbmRzLk1vZGVsQmFja2VuZCIsIl9hdXRoX3VzZXJfaWQiOiIxIn0=','2020-01-19 16:51:00.329627'),('s9tk6m6yeljvdksfus18f4c769jt5cb4','NWIzNzczNGNmZmY0MTM3YmFlOGM2ODViOTdjNzQ1MTZjYTVkNjJhODp7Il9hdXRoX3VzZXJfaWQiOiI2IiwiX2F1dGhfdXNlcl9oYXNoIjoiYjIxNjI3NDc2N2I0YTg3NWUxOWQzZDQyMDhjMjU5MGQ4OTZjMDQ3YiIsIl9hdXRoX3VzZXJfYmFja2VuZCI6ImRqYW5nby5jb250cmliLmF1dGguYmFja2VuZHMuTW9kZWxCYWNrZW5kIn0=','2019-12-30 02:00:59.025480'),('sq7ak05d6i366pa9p5njozk0ili2usro','MzUwMWVjMGY5OTg1YmY3N2U5OTcyM2E3M2FkNmM4Y2I0N2VhOGI2Zjp7Il9hdXRoX3VzZXJfaGFzaCI6IjFiNTVhODIxMTM1YzIyOGE4MjI1MjM1YTJiYWQ3ZGQyODM2NTQ2YjQiLCJfYXV0aF91c2VyX2JhY2tlbmQiOiJkamFuZ28uY29udHJpYi5hdXRoLmJhY2tlbmRzLk1vZGVsQmFja2VuZCIsIl9hdXRoX3VzZXJfaWQiOiIxMyJ9','2020-01-10 17:22:59.478270'),('ui4fe3dgn4ui3cprq8mvsvuthz9wy86d','MDEwNGZjZjA4YWZkN2JlMWFhZGNiZTE3NDJiNTE2YjFlNDZiMDk4MDp7Il9hdXRoX3VzZXJfYmFja2VuZCI6ImRqYW5nby5jb250cmliLmF1dGguYmFja2VuZHMuTW9kZWxCYWNrZW5kIiwiX2F1dGhfdXNlcl9oYXNoIjoiY2NmYTU5ODllZjU1MTM5ZmVhNGU3NGFjNTY0M2Y4NDhmM2I2MzUwZiIsIl9hdXRoX3VzZXJfaWQiOiIxIn0=','2019-12-24 18:43:36.525056'),('uj4l35lbgun6a22z18oebm5axw2q829y','ZGFjNjYyM2IyZDA2MjU2OTgzZmY5YzIzZGVkYjVkNTRlZTVkNmYwMTp7Il9hdXRoX3VzZXJfaWQiOiIxIiwiX2F1dGhfdXNlcl9oYXNoIjoiY2NmYTU5ODllZjU1MTM5ZmVhNGU3NGFjNTY0M2Y4NDhmM2I2MzUwZiIsIl9hdXRoX3VzZXJfYmFja2VuZCI6ImRqYW5nby5jb250cmliLmF1dGguYmFja2VuZHMuTW9kZWxCYWNrZW5kIn0=','2020-01-11 16:05:51.907222'),('uqr3bjkx777elb0h3257zvtzb5jdjb1n','MDEwNGZjZjA4YWZkN2JlMWFhZGNiZTE3NDJiNTE2YjFlNDZiMDk4MDp7Il9hdXRoX3VzZXJfYmFja2VuZCI6ImRqYW5nby5jb250cmliLmF1dGguYmFja2VuZHMuTW9kZWxCYWNrZW5kIiwiX2F1dGhfdXNlcl9oYXNoIjoiY2NmYTU5ODllZjU1MTM5ZmVhNGU3NGFjNTY0M2Y4NDhmM2I2MzUwZiIsIl9hdXRoX3VzZXJfaWQiOiIxIn0=','2020-02-24 05:10:49.876727'),('v1m1ffwzu2he8uvso9vcfm1ct9zk963q','N2ZmYzQyY2M5ZWJjODIwNzMzNDliMDBjNGE0YmZhNjJhYTM2YzA0Yjp7Il9hdXRoX3VzZXJfaGFzaCI6ImNjZmE1OTg5ZWY1NTEzOWZlYTRlNzRhYzU2NDNmODQ4ZjNiNjM1MGYiLCJfYXV0aF91c2VyX2JhY2tlbmQiOiJkamFuZ28uY29udHJpYi5hdXRoLmJhY2tlbmRzLk1vZGVsQmFja2VuZCIsIl9hdXRoX3VzZXJfaWQiOiIxIn0=','2020-03-10 14:07:17.418073'),('v5vnat0dc8gnuzaac6sv28fevmcegx99','Y2NhOTlhYTkwMjU3YTkyNTAwNmRlM2U0N2M3M2RjMTBhYWFiMGNlNjp7Il9hdXRoX3VzZXJfYmFja2VuZCI6ImRqYW5nby5jb250cmliLmF1dGguYmFja2VuZHMuTW9kZWxCYWNrZW5kIiwiX2F1dGhfdXNlcl9pZCI6IjEiLCJfYXV0aF91c2VyX2hhc2giOiJjY2ZhNTk4OWVmNTUxMzlmZWE0ZTc0YWM1NjQzZjg0OGYzYjYzNTBmIn0=','2020-02-22 21:00:56.643297'),('w0cg61xjgsmqz1dbmlg3rygo5tqlujxp','Nzc1MDRmZTM4MDZkNWE5ZGNmZGIwYTRhZTdlZDNjMDAxMWJkOWQ1MTp7Il9hdXRoX3VzZXJfaWQiOiI2IiwiX2F1dGhfdXNlcl9iYWNrZW5kIjoiZGphbmdvLmNvbnRyaWIuYXV0aC5iYWNrZW5kcy5Nb2RlbEJhY2tlbmQiLCJfYXV0aF91c2VyX2hhc2giOiJiMjE2Mjc0NzY3YjRhODc1ZTE5ZDNkNDIwOGMyNTkwZDg5NmMwNDdiIn0=','2020-01-01 04:02:45.393634'),('wdtmaj871cdd9dsszfjxp0ce4g0rvofj','ZGFjNjYyM2IyZDA2MjU2OTgzZmY5YzIzZGVkYjVkNTRlZTVkNmYwMTp7Il9hdXRoX3VzZXJfaWQiOiIxIiwiX2F1dGhfdXNlcl9oYXNoIjoiY2NmYTU5ODllZjU1MTM5ZmVhNGU3NGFjNTY0M2Y4NDhmM2I2MzUwZiIsIl9hdXRoX3VzZXJfYmFja2VuZCI6ImRqYW5nby5jb250cmliLmF1dGguYmFja2VuZHMuTW9kZWxCYWNrZW5kIn0=','2020-02-17 13:52:44.875474'),('wtz0o5gsfx8j98c08n7a4331mi27goqu','NzcxMGNhODNhYjRlNWMyNThiYzZmODViMjEzMjkwNjIyMDNmMzM2ZDp7Il9hdXRoX3VzZXJfaWQiOiIxIiwiX2F1dGhfdXNlcl9iYWNrZW5kIjoiZGphbmdvLmNvbnRyaWIuYXV0aC5iYWNrZW5kcy5Nb2RlbEJhY2tlbmQiLCJfYXV0aF91c2VyX2hhc2giOiJjY2ZhNTk4OWVmNTUxMzlmZWE0ZTc0YWM1NjQzZjg0OGYzYjYzNTBmIn0=','2020-01-30 13:52:27.704458'),('wyutocaph2vmo0qztjuxtbeq7wai98kh','N2ZmYzQyY2M5ZWJjODIwNzMzNDliMDBjNGE0YmZhNjJhYTM2YzA0Yjp7Il9hdXRoX3VzZXJfaGFzaCI6ImNjZmE1OTg5ZWY1NTEzOWZlYTRlNzRhYzU2NDNmODQ4ZjNiNjM1MGYiLCJfYXV0aF91c2VyX2JhY2tlbmQiOiJkamFuZ28uY29udHJpYi5hdXRoLmJhY2tlbmRzLk1vZGVsQmFja2VuZCIsIl9hdXRoX3VzZXJfaWQiOiIxIn0=','2020-03-10 18:43:04.391129'),('x5iukfqion95oqfl0h745s9ju6ntxcx3','Y2NhOTlhYTkwMjU3YTkyNTAwNmRlM2U0N2M3M2RjMTBhYWFiMGNlNjp7Il9hdXRoX3VzZXJfYmFja2VuZCI6ImRqYW5nby5jb250cmliLmF1dGguYmFja2VuZHMuTW9kZWxCYWNrZW5kIiwiX2F1dGhfdXNlcl9pZCI6IjEiLCJfYXV0aF91c2VyX2hhc2giOiJjY2ZhNTk4OWVmNTUxMzlmZWE0ZTc0YWM1NjQzZjg0OGYzYjYzNTBmIn0=','2020-03-19 01:49:43.336994'),('xhht5pvtd6i0aa2fo1eqckhgbxvo9qtn','ZGFjNjYyM2IyZDA2MjU2OTgzZmY5YzIzZGVkYjVkNTRlZTVkNmYwMTp7Il9hdXRoX3VzZXJfaWQiOiIxIiwiX2F1dGhfdXNlcl9oYXNoIjoiY2NmYTU5ODllZjU1MTM5ZmVhNGU3NGFjNTY0M2Y4NDhmM2I2MzUwZiIsIl9hdXRoX3VzZXJfYmFja2VuZCI6ImRqYW5nby5jb250cmliLmF1dGguYmFja2VuZHMuTW9kZWxCYWNrZW5kIn0=','2020-03-10 02:25:15.315810'),('y2ob84bo0of0k3p0a15jp376k8pznoi4','Y2NhOTlhYTkwMjU3YTkyNTAwNmRlM2U0N2M3M2RjMTBhYWFiMGNlNjp7Il9hdXRoX3VzZXJfYmFja2VuZCI6ImRqYW5nby5jb250cmliLmF1dGguYmFja2VuZHMuTW9kZWxCYWNrZW5kIiwiX2F1dGhfdXNlcl9pZCI6IjEiLCJfYXV0aF91c2VyX2hhc2giOiJjY2ZhNTk4OWVmNTUxMzlmZWE0ZTc0YWM1NjQzZjg0OGYzYjYzNTBmIn0=','2020-01-02 18:44:20.909500'),('ynnenixv57x4w2b14jmkrukxeslda196','N2ZmYzQyY2M5ZWJjODIwNzMzNDliMDBjNGE0YmZhNjJhYTM2YzA0Yjp7Il9hdXRoX3VzZXJfaGFzaCI6ImNjZmE1OTg5ZWY1NTEzOWZlYTRlNzRhYzU2NDNmODQ4ZjNiNjM1MGYiLCJfYXV0aF91c2VyX2JhY2tlbmQiOiJkamFuZ28uY29udHJpYi5hdXRoLmJhY2tlbmRzLk1vZGVsQmFja2VuZCIsIl9hdXRoX3VzZXJfaWQiOiIxIn0=','2020-01-10 18:27:11.894466'),('zg7rcpx22pqikt5fjgay9hdp6lsvngdx','N2ZmYzQyY2M5ZWJjODIwNzMzNDliMDBjNGE0YmZhNjJhYTM2YzA0Yjp7Il9hdXRoX3VzZXJfaGFzaCI6ImNjZmE1OTg5ZWY1NTEzOWZlYTRlNzRhYzU2NDNmODQ4ZjNiNjM1MGYiLCJfYXV0aF91c2VyX2JhY2tlbmQiOiJkamFuZ28uY29udHJpYi5hdXRoLmJhY2tlbmRzLk1vZGVsQmFja2VuZCIsIl9hdXRoX3VzZXJfaWQiOiIxIn0=','2020-03-29 02:51:06.783938');
/*!40000 ALTER TABLE `django_session` ENABLE KEYS */;
UNLOCK TABLES;
/*!40103 SET TIME_ZONE=@OLD_TIME_ZONE */;

/*!40101 SET SQL_MODE=@OLD_SQL_MODE */;
/*!40014 SET FOREIGN_KEY_CHECKS=@OLD_FOREIGN_KEY_CHECKS */;
/*!40014 SET UNIQUE_CHECKS=@OLD_UNIQUE_CHECKS */;
/*!40101 SET CHARACTER_SET_CLIENT=@OLD_CHARACTER_SET_CLIENT */;
/*!40101 SET CHARACTER_SET_RESULTS=@OLD_CHARACTER_SET_RESULTS */;
/*!40101 SET COLLATION_CONNECTION=@OLD_COLLATION_CONNECTION */;
/*!40111 SET SQL_NOTES=@OLD_SQL_NOTES */;

-- Dump completed on 2020-05-04 17:23:32
